row_id,tweet,gemma_original_stance,gemma_refined_stance,gemma_revised_zeroshot_stance,qwen_3.6_27b_stance,qwen_3_32b_stance,qwen_3.6_27b_reasoning,status
0,لازم ندزلكم من عندنا كويتيه منقبه سيارتها كورلا وتكون عينه تجريبيه واذا اقتنعتوا راح اشيل شاربي بقزازه #قيادة_المرأة_السعودية,Against,Against,Against,Against,Against,الكاتب يستخدم سخرية واستهزاء لرفض فكرة قيادة المرأة للسيارة.,Agreed
1,#المراه_السعوديه_تسوق بصصصصصصيح ابغا أسوِّق خخخخخخخخخخييييييععععععر؟,Favor,Against,Against,Favor,None,التغريدة تعبر عن حماس واضح ورغبة شخصية في قيادة السيارة.,Gemma Orig: Favor | Gemma Ref: Against | Gemma Rev: Against | Qwen 27B: Favor | Qwen 32B: None
2,#المراه_السعوديه_تسوق الناس تتلفت بكل اشاره😂,None,None,None,Against,None,النص يستخدم السخرية والضحك من النساء اللواتي يقودن، مما يعكس موقفاً سلبياً.,Gemma Orig: None | Gemma Ref: None | Gemma Rev: None | Qwen 27B: Against | Qwen 32B: None
3,ما محظوظ الا عادل الجبير! من يوم غد اصبح بامكانه قيادة السيارة *_^ #المراه_السعوديه_تسوق,None,Favor,Against,Favor,Against,التعبير عن سعادة عادل الجبير بالقرار يعكس تأييداً ضمنياً لقيادة المرأة للسيارة.,Gemma Orig: None | Gemma Ref: Favor | Gemma Rev: Against | Qwen 27B: Favor | Qwen 32B: Against
4,#لن_تقودي لن تقود أمي لن تقود أختي لن تقود قريبتي أنا سأخدمهم بنفسي وبكل ما يطلبون . ولن أتزوج فتاة تقود السيارة أو تشترط ذلك,Against,Against,Against,Against,Against,الكاتب يعارض بشدة قيادة المرأة للسيارة ويهدد بعدم الزواج من من تقود.,Agreed
5,ليش #لن_تقودي ماعم افهم من حقا تقود مو سيارة لازم تقود بلاد اكبر مثال #زنوبيا,Favor,Favor,Favor,Favor,Favor,النص يستخدم السخرية للدفاع عن حق المرأة في القيادة عبر مقارنة غير منطقية.,Agreed
6,#لن_تقودي. ان شاء الله نقود حالنا حال شعوب العالم واكيد راح يكون فيه شروط مو عبث وانتو تعودتو الشارع لكم ليه لازم نشارككم ☺️☺️🌹,Against,Against,Against,Against,Favor,النص يعبر عن معارضة صريحة من خلال رفض مشاركة النساء في القيادة.,Gemma Orig: Against | Gemma Ref: Against | Gemma Rev: Against | Qwen 27B: Against | Qwen 32B: Favor
7,#لن_تقودي نقود او لا وشدخلكم ياخي قاعدين على قلوبكم؟🙃,Favor,Favor,Favor,Favor,Favor,يستخدم الكاتب السخرية لانتقاد معارضي القيادة، مما يعبر عن تأييد ضمني للحق.,Agreed
8,وسقتي وبعدين يعني ؟؟ بتدخلين الجنه مثلاً ؟ وبعدين وش هالسواقه الي آخر الليل ..! الله يستر على المسلمات العفيفات .. #المراه_السعوديه_تسوق,Against,Against,Against,Against,Against,النص يعبر عن رفض وقلق اجتماعي من خلال نبرة سلبية واستفزازية.,Agreed
9,#المراه_السعوديه_تسوق قيادة المرأة للسيارة تمكنها من إغاثة نفسها وقضاء أمورها العاجلة دون انتظار وصول الآخرين لها، أو الاضطرار للركوب مع سائق غريب عنها. يتبع,Favor,Favor,Favor,Favor,Favor,التغريدة تبرز فوائد إيجابية مثل الاستقلالية والأمان، مما يعكس تأييداً واضحاً.,Agreed
10,غير صحيح أن #قياده_المراه_للسياره_ضروره هذي وسيلة وليست ضروره فيه أهم منها قضايا المعنفات والمطلقات والأرامل والخريجات والمغتربات #لن_تقودي,Against,Against,Against,Against,Against,النص يرفض الضرورة ويستخدم هاشتاغاً معارضاً للقيادة.,Agreed
11,#معانات_بنات_الارطاويه_والقري ان شاء الله سيتم حل مشكلتكم بالطرق الصحيحه . . . . . . لكن بقولكم سر #لن_تقودي,Against,Against,Against,Against,Against,الكاتبة تستخدم هاشتاغاً صريحاً يعارض قيادة المرأة للسيارة.,Agreed
12,حنا مانبي نسوق اذا حليييتو المشااكل اللي تمر فيها المرأة ذيك اللحين طالبو بالسواقه #لن_تقودي,Against,Against,Against,Against,Against,الكاتب يعارض القيادة مشروطاً بحل مشاكل المرأة، ويستخدم هاشتاغاً معارضاً.,Agreed
13,#المراه_السعوديه_تسوق الله يجعلها بداية خير للمرأه السعوديه.. وتكون فايده لها اكثر من ضررها الحمد لله على تطور المملكه لما فيها خير للبلاد والعباد اسأل الله ان يكفينا شر الفتن ما ظهر منها وما بطن 🌹,Favor,Favor,Favor,Favor,Favor,الكاتبة تهنئ وتتمنى الخير، مما يعبر عن موقف إيجابي وداعم.,Agreed
14,شكل اللي سوت هـ الهشتاق تحلم كثيررر .. #سنسوق_فوق_خشومكم #لن_تقودي,Against,Against,Against,Against,Against,النص يستخدم هاشتاقات معارضة صريحة مثل #لن_تقودي ويعبر عن رفض الفكرة.,Agreed
15,#لن_تقودي باختصار😄😜😎,Against,Against,Against,Against,Against,الهاشتاغ يعبر عن رفض صريح لفكرة قيادة المرأة للسيارة.,Agreed
16,نقول كلمة العقل الله لايبدل النعمة اللي احنا فيها مايحتاج نسوق فيه من يسوق ويخدمنا #لن_تقودي,Against,Against,Against,Against,Against,الكاتبة تعارض القيادة صراحةً بحجة أن الرجال يخدمون النساء ولا حاجة لقيادة المرأة.,Agreed
17,#لن_تقودي م راح نقود 😂 بس عند الضروره اسفه لازم اقود غصبن عنك ي ورع,Favor,Favor,Favor,Favor,Favor,الكاتبة تؤكد نيتها قيادة السيارة رغم الاحتجاجات، مما يعبر عن دعمها لممارسة القيادة.,Agreed
18,متى نروح البحرين ؟ #قيادة_المراة_السعوديه,None,None,None,None,None,التغريدة تسأل عن موعد سفر ولا تعبّر عن رأي في القيادة.,Agreed
19,الامن يوزع الورود للسيدات خلال بداية قيادتهم السيارة في السعودية . . #المرأة_السعودية_تسوق #SaudiWomenDriving,Favor,None,Favor,None,None,التغريدة تقرير إخباري محايد عن توزيع الورود دون رأي شخصي.,Gemma Orig: Favor | Gemma Ref: None | Gemma Rev: Favor | Qwen 27B: None | Qwen 32B: None
20,#لن_تقودي ريم ممكن تسلفيني سيارتك بروح فيها زواج بنت عمي ليه وش فيها سيارتك رحت فيها زواج بنت خالتي قبل شهرين قد شافوها.,Against,Against,Against,None,Against,النص عبارة عن مزاح شخصي حول استعارة سيارة، ولا يعبر عن موقف تجاه قيادة المرأة للسيارة.,Gemma Orig: Against | Gemma Ref: Against | Gemma Rev: Against | Qwen 27B: None | Qwen 32B: Against
21,#لن_تقودي مرأة جزء لا يتجزء من مجتمع و لها حقوق و واجبات حالها حال اي بشر! ماكو اي مشكلة و بنسبة للمضايقات فهي دليل على انعدام الوعي حضاري,Favor,Favor,Favor,Favor,Favor,يدافع الكاتب عن حق المرأة في القيادة ويصف معارضته بانعدام الوعي.,Agreed
22,#لن_تقودي الحمدلله مافيه قياده والا كان يجونك نوعية اللي [ تدرين من وين شريت سيارتي ؟ من امريكا تلبيه ، بمليون وشوي] 🚶🏿,Against,Against,Against,Against,Against,التغريدة تعبر عن معارضة صريحة لقيادة المرأة للسيارة عبر هاشتاج #لن_تقودي.,Agreed
23,#المراه_السعوديه_تسوق عاد الحين بعض البنات تبي سيارة لون وردي والثانيه تبي لون بنفسجي ماكو ابيض واسود بس لا تشغلين العالم اللي عندج ؟؟ اوكى كذا مره !! .,Against,Against,Against,None,None,النص يركز على تفضيلات ألوان السيارات ولا يعبر عن رأي في حق القيادة.,Gemma Orig: Against | Gemma Ref: Against | Gemma Rev: Against | Qwen 27B: None | Qwen 32B: None
24,إذا كانت صلاة المرأه في بيتها أفضل من المسجد فكيف بإخراجها لوحدها بسيارتها #لن_تقودي,Against,Against,Against,Against,Against,النص يعارض القيادة بحجة أن الصلاة في البيت أفضل، مستخدماً هاشتاغاً معارضاً.,Agreed
25,شعور جميييييل لايوصف بصراحه. 😍 #المراه_السعوديه_تسوق,Favor,Favor,Favor,Favor,None,التعبير عن شعور إيجابي وجميل تجاه قيادة المرأة للسيارة.,Gemma Orig: Favor | Gemma Ref: Favor | Gemma Rev: Favor | Qwen 27B: Favor | Qwen 32B: None
26,واخيراً استلمت رخصتي السعودية 😎🇸🇦 الحمدلله🙏🏻 يوم تاريخي بكل المقاييس 😍 #قيادة_المرأة_للسيارة #قياده_المرأه_السعودية #١٠/١٠,Favor,Favor,Favor,Favor,Favor,تعبير عن سعادة وامتنان لاستلام الرخصة وتوصيف اليوم بالتاريخي.,Agreed
27,الله يكفينا شركن #لن_تقودي,Against,Against,Against,Against,Against,الهاشتاغ والنص يعبران عن رفض صريح لقيادة المرأة للسيارة.,Agreed
28,ذحين لو رجعت وسقت السيارة حيدوني ورد وتصوير وفلاشات ولا حكمل على الفلاشات بس ؟ #المرأة_السعودية_تقود_السيارة,None,None,Favor,Favor,Against,الكاتبة تتخيل استقبالاً إيجابياً وتحمساً لعودتها للقيادة، مما يعكس ترحيباً بالموضوع.,Gemma Orig: None | Gemma Ref: None | Gemma Rev: Favor | Qwen 27B: Favor | Qwen 32B: Against
29,#لن_تقودي سوف تقود سوف تقود غصباً عنكم سوف تقود,Favor,Favor,Favor,Favor,Favor,النص يؤكد حتمية قيادة المرأة للسيارة رغم معارضة البعض، مما يعبر عن تأييد الحق.,Agreed
30,#لن_تقودي صدقوني ال سعود ماعندهم مشكله لانهم واعيين بس البلا في الشعب متخلف والحكومه مابتفرض على الشعب شي كاره مثل ماقال محمد بن سلمان,Against,Against,Against,Against,None,التغريدة تعارض القيادة صراحةً عبر هاشتاج #لن_تقودي وتصف الشعب بالمتخلف.,Gemma Orig: Against | Gemma Ref: Against | Gemma Rev: Against | Qwen 27B: Against | Qwen 32B: None
31,#لن_تقودي ع اساس ميتين ع سواقه مانبي نسوق😝,Against,Against,Against,Against,Against,النص يعبر عن رفض واضح لقيادة المرأة للسيارة باستخدام لغة تحذيرية وسلبية.,Agreed
32,#سأقود #لن_تقودي نحتاج أرشيف لحفظ التعليقات هنا للمستقبل لضحك على تفكير بعض أفراد مجتمعنا في التحريم والتنكير والتعجب #قيادة_المرأة_للسيارة,Favor,Favor,Favor,Favor,Favor,الكاتبة تنتقد من يحرمون القيادة وتعتبر تفكيرهم سخيفاً يستحق الضحك.,Agreed
33,#المراه_السعوديه_تسوق يالليل الحين الاسر المنتجه يبيعون جنوط 🤦🏻‍♂️,None,Against,Against,Against,None,النص يربط قيادة المرأة بظاهرة سلبية (بيع الجنوط) مما يعبر عن معارضة ضمنية.,Gemma Orig: None | Gemma Ref: Against | Gemma Rev: Against | Qwen 27B: Against | Qwen 32B: None
34,#لن_تقودي ، طموحنا اكبر من قيادة مركبه تجلب لنا المشاكل والإرهاق طموحنا نقود افكارنا للقمه وللنجاح ونحقق الاحلام ...✨,Against,Against,Against,Against,Against,النص يرفض قيادة المرأة للسيارة صراحةً ويصفها بأنها تجلب المشاكل.,Agreed
35,#لن_تقودي لن تقودي لن تقودي واحفظي ارقام الهنودي,Against,Against,Against,Against,Against,التغريدة تعبر عن رفض واضح لقيادة المرأة للسيارة من خلال التكرار والنفي.,Agreed
36,البنات السعوديات انتي ملكه وتضلين ملكه غصبن عليهم... حقدو عليك لانك ماتسوقين. لانك ملكه يخدمك ابوك اخوك زوجك ولدك تتركين العز مكرمه عفيفه محافضه ... والاختيار لك #لن_تقودي,Against,Against,Against,Against,Against,التغريدة تحث على الامتناع عن القيادة باستخدام هاشتاج معارض ولغة تشجع على البقاء في المنزل.,Agreed
37,كأني اشاهد سيناريو التغطيه الاعلاميه لموضوع السماح بدخول العائلات للملاعب يحدث الان ويتكرر في موضوع السماح بقيادة المرأه للسياره .. تضخيم اعلامي في البدايه ثم بعدها تأتي مسأله قناعة المجتمع وقبوله للفكره من عدمها .. #الرياض_الان #المراه_السعوديه_تسوق,None,None,None,None,None,التغريدة تكتفي بتحليل نمط التغطية الإعلامية دون إبداء رأي شخصي في الموضوع.,Agreed
38,#لن_تقودي راعي الهاشتاق تعال اتوطاك بسيارتي,Favor,Favor,Favor,Favor,Favor,النص يدعو صراحة للسماح للمرأة بالقيادة عبر دعوة راعي الهاشتاق لتجربة القيادة.,Agreed
39,#لن_تقودي لن نرضى ولن تقودي الا اذا كنتِ تحلمين فمجرد صحيانك تعود حليمه لعادتها القديمه 😂,Against,Against,Against,Against,Against,النص يعبر عن رفض صريح لقيادة المرأة للسيارة باستخدام لغة ساخرة.,Agreed
40,#قيادة_المرأه_السعوديه اخشى مااخشاه ان تزيد هذه الخطوه من نسبة العنوسه في مجتمعاتنا المحافظه والتي لن تتقبل هذا الوضع على الاقل لسنوات عديده واعتقد النسبه طاغيه بدون قياده والله يرحم الحال,Against,Against,Against,Against,Against,الكاتب يعبر عن خوفه من زيادة نسبة العنوسة ويرى أن المجتمع لن يقبل هذا الوضع.,Agreed
41,دام هذي اولتها ، ياساتر عن ااااخرتها ، عزيز السائق عندما تعبر الطريق ارجوا منك الحيطه والحذر عند عبورك للخط بعدم وجود سائقه ، وشكرا 🤣💨🏃🏻‍♂️ #قياده_المرأه_السعودية #نجران_الان,Against,Against,Against,Against,Against,يستخدم الكاتب السخرية والضحك للتعبير عن معارضته ورفضه لقيادة المرأة للسيارة.,Agreed
42,#الملك_ينتصر_لقيادة_المرأة تحية عظيمة لنساء ٦ نوفمبر ١٩٩٠ تحققت أحلامكن جميعاً بعد ٢٧ سنة .. فعلاً الأحلام تؤجل ولكنها لاتموت..💚🇸🇦,Favor,Favor,Favor,Favor,Favor,التغريدة تعبر عن فرح واضح بتحقيق حلم قيادة المرأة للسيارة وتحيي النساء.,Agreed
43,#لن_تقودي شكل الي مسوي التاق صاحب تكسي خايف يقعد ع الصفر !! 🚕,Favor,Favor,Favor,Against,Against,النص يستخدم هجاءً وسخرية لمعارضة فكرة قيادة المرأة للسيارة.,Gemma Orig: Favor | Gemma Ref: Favor | Gemma Rev: Favor | Qwen 27B: Against | Qwen 32B: Against
44,زين الله يبشركم بالخير #لن_تقودي,Against,Against,Against,Against,Against,التغريدة تستخدم هاشتاغ معارض صريح لقيادة المرأة للسيارة.,Agreed
45,#لن_تقودي واللهي مادري وش اقول واللي معارض وصار القرار اول من يشتري سياره ل اهله هو 🙄💔.,Against,Against,Favor,Favor,Against,النص يعبر عن دعم القرار من خلال إظهار استياء المعارضين الذين يتصرفون بشكل إيجابي.,Gemma Orig: Against | Gemma Ref: Against | Gemma Rev: Favor | Qwen 27B: Favor | Qwen 32B: Against
46,#لن_تقودي افهمي,Against,Against,Against,Against,Against,الهاشتاغ يعبر بوضوح عن رفض السماح للمرأة بقيادة السيارة.,Agreed
47,حرام حرام طيب ليش ما نسوق بالله كيف انا اروح السوق 🎶 #لن_تقودي,Against,Against,Favor,Against,Against,الكاتبة تعبر عن معارضتها الصريحة للقيادة باستخدام كلمة حرام وهاشتاج لن تقودي.,Gemma Orig: Against | Gemma Ref: Against | Gemma Rev: Favor | Qwen 27B: Against | Qwen 32B: Against
48,صدقيني ياعزيزتي المرأه ياتاج راسي #لن_تقودي ولن تقودي وسرددين شيلة لن تقودي لن تقودي ستبقين ام الاجيال وجميع وسائل النقل ستخدمك معززه مكرمه😉,Against,Against,Against,Against,Against,النص يعارض صراحة قيادة المرأة للسيارة ويؤكد أنها لن تقود.,Agreed
49,مو ب الاسلوب هذا #لن_تقودي الا بتقود ( لا حجت البقره علئ قرن واحد ) 🌚🚶,Against,Against,Against,Against,Against,استخدام تعبير مهين (حاجة البقرة) يعبر عن معارضة ساخرة للقيادة.,Agreed
50,قادوكم لنا الله الموقده #لن_تقودي,Against,Against,Against,Against,Against,النص يعبر عن معارضة صريحة باستخدام هاشتاج مناهض ولغة تحذيرية.,Agreed
51,ليش السواقه بتجيب فتنه!!يعني الحين مافيه فتن بالمجمعات والاسواق!اغلب النساء مع السائق بدون محرم!اين انتم عن هذا الموضوع!! #لن_تقودي,Favor,Favor,Favor,Against,Against,الكاتبة تنتقد القيادة بحجة إثارة الفتنة وتستخدم هاشتاغاً معارضاً.,Gemma Orig: Favor | Gemma Ref: Favor | Gemma Rev: Favor | Qwen 27B: Against | Qwen 32B: Against
52,#الملك_ينتصر_لقياده_المراه عزيزتي البنت اذا انتي موفر لك سواق وتروحي وتجي وقت ما تبغي وعلى كيفك ترا في بنات ما عندهم سواق وما يخرجو,None,None,Against,Favor,Favor,التغريدة تدعم القيادة من خلال الإشارة إلى استقلاليتها كحل للنساء اللواتي لا يملكن سائقاً.,Gemma Orig: None | Gemma Ref: None | Gemma Rev: Against | Qwen 27B: Favor | Qwen 32B: Favor
53,. ترا انا قاعد اقود سيارتي وانتي #لن_تقودي 🚬,Against,Against,Against,Against,Against,الكاتبة تستخدم هاشتاغ معارض وتؤكد رفضها لقيادة المرأة للسيارة.,Agreed
54,#لن_تقودي - وحده تقول قلت لجدتي تهقين ياجده بيوافقون لنا بالسواقه 🚙 ؟؟ قالت جعلهم يوافقون عيالنا راحوا بالحوادث وانتن وش كثركن ☹ ..,Against,Against,Against,Against,Favor,الكاتبة تعبر عن معارضتها للسماح بقيادة المرأة عبر نقل رأي جدتها القلق على السلامة.,Gemma Orig: Against | Gemma Ref: Against | Gemma Rev: Against | Qwen 27B: Against | Qwen 32B: Favor
55,#لن_تقودي ان شاء الله لن تقودي,Against,Against,Against,Against,Against,النص يعبر بوضوح عن رفض قيادة المرأة للسيارة.,Agreed
56,المرأة تقود منذ القدم ، فقد قادت وهي أم قادت وهي زوجة قادت وهي طبيبة قادت وهي معلمة ومربية لأجيال ، فلاعجب أن تقود سيارة لضرورة سوغت لها اتقان هذه المهارة كغيرها من المهارات ومن لم تتقن قيادة السيارة حتما لن ترم بنفسها للهلاك #المرأة_السعودية_تسوق,Favor,Favor,Favor,Favor,Favor,يدافع الكاتب عن حق المرأة في القيادة ويبرره بالضرورة والمهارة.,Agreed
57,"#طالبتان_من_حايل_تنقذان_سايق يبدو والله العالم ان ذلك مسرحية من الليبراليون للمطالبة للسماح للمرأة للقيادة, اتركوا عنكم الأفلام. #لن_تقودي",Against,Against,Against,Against,Against,الكاتب يصف الحادثة بمسرحية ويستخدم هاشتاغ معارض للقيادة، مما يعبر عن رفضه.,Agreed
58,#لن_تقودي رغم اني م راح اسوق بس مبسوطه ع القرار 🙃,Against,Against,Against,Favor,Favor,الكاتبة تعبر عن سعادتها بالقرار رغم عدم نيتها القيادة، مما يدل على تأييدها.,Gemma Orig: Against | Gemma Ref: Against | Gemma Rev: Against | Qwen 27B: Favor | Qwen 32B: Favor
59,#المراه_السعوديه_تسوق معليشش تحمستت ،ماضاع مفتاح سيارت ابوي الا الليوم😭😭😭,None,None,Favor,Favor,None,تعبير عن الحماس والسعادة لبدء تجربة القيادة، مما يدل على موقف إيجابي.,Gemma Orig: None | Gemma Ref: None | Gemma Rev: Favor | Qwen 27B: Favor | Qwen 32B: None
60,#لن_تقودي لالالا #لن_تقودي,Against,Against,Against,Against,Against,الهاشتاغ يعبر بوضوح عن رفض السماح للمرأة بقيادة السيارة.,Agreed
61,#المراه_السعوديه_تقود_السياره ليست من اكبر اهتماماتنا... باب فتنة وشر . فتح ؟؟ مثل ابواب الشر الاخرى .,Against,Against,Against,Against,Against,الكاتبة تصف القيادة بـ,Agreed
62,"#كل_يوم_معلومة #قياده_المرأه_السعودية عزيزتي صاحبة المركبة ✋️ هذه علامة ""امامك مطبات اصطناعية"" وليس كما تعتقدين : ""امامك حريم يصلّون 😔💔",Against,Against,Against,Against,None,النص يستخدم سخرية واضحة لمعارضة القيادة، مشبهاً علامة الطريق بحاجز ديني.,Gemma Orig: Against | Gemma Ref: Against | Gemma Rev: Against | Qwen 27B: Against | Qwen 32B: None
63,#المراه_السعوديه_تسوق الشي الوحيد اللي باقي لنا يالشباب الذكور هو قسم البخاري في مطعم لؤلؤة الحمراء. ألذ بخاري بالرياض 🤣,None,None,Against,None,None,التغريدة تركز على توصية مطعم ولا تعبر عن رأي في قيادة المرأة.,Gemma Orig: None | Gemma Ref: None | Gemma Rev: Against | Qwen 27B: None | Qwen 32B: None
64,هل من المعقول انا كنّا نثق بسائق وهل معقول ان الأجنبي عنده مرؤة وشهامة ونخوة اكثر من الشاب العربي السعودي .. من الذي صور لنا ان شباب الوطن قطيع من الوحوش . #قيادة_المرأة_السعودية,Against,Against,Against,Against,None,النص يستخدم السخرية والشتائم ضد الشباب ليدعم موقفه المعارض لقيادة المرأة.,Gemma Orig: Against | Gemma Ref: Against | Gemma Rev: Against | Qwen 27B: Against | Qwen 32B: None
65,#لن_تقودي ليه أقود عندي سواق انا اميره 🙊،,Against,Against,Against,Against,Favor,الكاتبة تعبر عن رفضها لقيادة المرأة للسيارة من خلال تفضيلها وجود سائق خاص.,Gemma Orig: Against | Gemma Ref: Against | Gemma Rev: Against | Qwen 27B: Against | Qwen 32B: Favor
66,والله وساقت 🤔 الله يكتب لنا الخيره في قيادتها 😂 ويكفينا شرهاز #المراه_السعوديه_تسوق,Favor,Favor,Favor,Favor,Against,الكاتب يدعو للخير في القيادة ويستخدم نبرة إيجابية وداعمة.,Gemma Orig: Favor | Gemma Ref: Favor | Gemma Rev: Favor | Qwen 27B: Favor | Qwen 32B: Against
67,#لن_تقودي يُسقط الله عن المرأه ' وجوب صلاة الجماعة وأنتم تخرجونها لتقود السيارة. الشيخ ابن غديان رحمه الله,Against,Against,Against,Against,Against,التغريدة تستخدم حجة دينية لمعارضة قيادة المرأة للسيارة.,Agreed
68,#المراه_السعوديه_تسوق الوضع مره أوفر بخصوص السواقه خلاص ياهمج اثقلوا,Favor,Favor,Favor,Against,Against,النص يستخدم لغة عنصرية ومهينة ('ياهمج') للتعبير عن معارضة شديدة لقيادة المرأة.,Gemma Orig: Favor | Gemma Ref: Favor | Gemma Rev: Favor | Qwen 27B: Against | Qwen 32B: Against
69,#السماح_للمراه_بقياده_الدراجه لن تقودي #لن_تقودي لن تقوووووووووووووووووووووووودي,Against,Against,Against,Against,Against,التكرار الساخر لكلمة لن تقودي يعبر عن معارضة قوية للسماح بالقيادة.,Agreed
70,#المراه_السعوديه_تقود_السياره #ياسر_التويجري قد قالها قبل القرار نتضر كلامه صحيح او لا انشاءالله يكون كلامه غلط,None,None,Against,None,None,الكاتب يعبر عن تردد وشك في صحة التوقعات، دون موقف واضح من القيادة نفسها.,Gemma Orig: None | Gemma Ref: None | Gemma Rev: Against | Qwen 27B: None | Qwen 32B: None
71,الغرب يناقشون في امور مهمه ومتقدمين عننا سنوات ضوئيه واحنا نناقش تفاهات من الأخير #لن_تقودي #الشوري_يناقش_قياده_المراه,Against,Against,Against,Against,Against,النص يستخدم هاشتاغ معارض ويصف الموضوع بتفاهة، مما يعكس رفضاً للقيادة.,Agreed
72,#لن_تقودي انا من شفت المواقف عند كليتنا اكثر من مواقف كلية العيال صدقوني بنسوق بنسوق🗿💔,Favor,Favor,Favor,Against,Against,الكاتبة تعبر عن رفضها لقيادة المرأة للسيارة مستندة إلى تجارب سلبية شخصية.,Gemma Orig: Favor | Gemma Ref: Favor | Gemma Rev: Favor | Qwen 27B: Against | Qwen 32B: Against
73,#قياده_المرأه_السعودية الله يحفظهن ويستر عليهن ويبعد عنهن الشر,Favor,Favor,Favor,Favor,None,استخدام دعاء إيجابي (الله يحفظهن) يعبر عن دعم واضح لقيادة المرأة.,Gemma Orig: Favor | Gemma Ref: Favor | Gemma Rev: Favor | Qwen 27B: Favor | Qwen 32B: None
74,#المراه_السعوديه_تقود_السياره سمحوا لكم بالقياده موو برمي الحجاب والاستعراض بالشعر والمكياج فشلتوتا عادي تسوقين وانتي محجبه,Against,Against,Against,Favor,Against,يدعم السماح بالقيادة بشرط الالتزام بالحجاب، مما يعبر عن موقف موافق مع التحفظ.,Gemma Orig: Against | Gemma Ref: Against | Gemma Rev: Against | Qwen 27B: Favor | Qwen 32B: Against
75,يا امه ضحكت من جهلها الامم #المراه_السعوديه_تسوق URL,Against,Against,Against,Against,None,الناشر يستخدم لغة سخرية واستهزاء (,Gemma Orig: Against | Gemma Ref: Against | Gemma Rev: Against | Qwen 27B: Against | Qwen 32B: None
76,#قياده_المراه_السعوديه اكثر وحده كنت مبسوطه يوم صار خنقتني العبره💔💔💔,Favor,Favor,Favor,Against,Against,الكاتبة تعبر عن سخطها من القرار باستخدام تعبير 'خنقتني' ورمز القلب المكسور.,Gemma Orig: Favor | Gemma Ref: Favor | Gemma Rev: Favor | Qwen 27B: Against | Qwen 32B: Against
77,حين تعطل السياره او بنشر التاير، لن تستطيع ان تتصرف ، حينها ستكون معرضه للخطر والتحرشات من بعض الشباب #لن_تقودي,Against,Against,Against,Against,Against,النص يعبر عن معارضة القيادة بتوقع مخاطر وتحرشات، ويدعم هاشتاغ المناهض.,Agreed
78,الحمد الله اننا لان نسوق #لن_تقودي,Against,Against,Against,Against,Against,الكاتب يعبر عن امتنانه لعدم قيادته للسيارة، مما يعكس معارضته لموضوع قيادة المرأة.,Agreed
79,#المراه_السعوديه_تسوق زمان بروح اقهوي فلانة ولدت الحين بروح اقهوي فلانة صدمت,Against,Against,Against,Against,None,النص يستخدم السخرية لربط القيادة بحدوث حوادث، مما يعبر عن معارضة ضمنية.,Gemma Orig: Against | Gemma Ref: Against | Gemma Rev: Against | Qwen 27B: Against | Qwen 32B: None
80,الذين ينادون بحرية المرأة لا يريدون حريتها بل يريدون حرية الوصول إليها الأمير نايف رحمك الله #لن_تقودي,Against,Against,Against,Against,Against,التغريدة تستخدم هاشتاغ معارض وتنتقد من يدعون الحرية، مما يعبر عن معارضة واضحة.,Agreed
81,أول خطوات الإختبارات لنيل الرخصة السعودية تجاوزتها .. عقبال باقي الخطوات و نيل الرخصة 🙏🏻🙏🏻🙏🏻 #قياده_المرأه_السعودية,Favor,Favor,Favor,Favor,Favor,الكاتبة تعبر عن سعادة وتفاؤل بتجاوزها خطوة نحو الحصول على رخصة القيادة.,Agreed
82,#المراه_السعوديه_تسوق .. توكم تسوقون .. تو الناس 😂😂😂,None,None,Against,Favor,None,التغريدة تعبر عن دعم وتشجيع لقيادة المرأة للسيارة باستخدام نبرة إيجابية.,Gemma Orig: None | Gemma Ref: None | Gemma Rev: Against | Qwen 27B: Favor | Qwen 32B: None
83,تحية من المكسيك في شوارع جدة 💜 #المرأة_السعودية_تسوق,Favor,Favor,Favor,Favor,None,التحية والرمز الإيجابي يعبران عن دعم وتشجيع لقيادة المرأة للسيارة.,Gemma Orig: Favor | Gemma Ref: Favor | Gemma Rev: Favor | Qwen 27B: Favor | Qwen 32B: None
84,#لن_تقودي قيادة المرأة جايه بإذن الله لكن مو بهالوقت يعني اللي يصير الحين من كلام الشعب آراء وليست فرض,Against,Against,Against,Favor,None,يدعم الفكرة بعبارة 'جايه بإذن الله' مع تأييد الرأي العام.,Gemma Orig: Against | Gemma Ref: Against | Gemma Rev: Against | Qwen 27B: Favor | Qwen 32B: None
85,مساء الفل .. خمس ايام وتعبين فل #قيادة_المراه_للسيارة #قياده_المرأه_السعودية,Favor,Favor,Favor,None,None,الغرد مجرد تحية وتعبير عن انتظار القرار دون رأي صريح.,Gemma Orig: Favor | Gemma Ref: Favor | Gemma Rev: Favor | Qwen 27B: None | Qwen 32B: None
86,اليوم تغسلين المواعين شهر ١٠ تغسلين سيارتك 😆😆😆 😜 #رمضان_كريم #قيادة_المرأة_للسيارة😅 #قياده_المرأه_السعودية,None,Against,Against,Favor,Against,الكاتبة تستخدم الدعابة للتعبير عن سعادتها بامتياز القيادة الجديد.,Gemma Orig: None | Gemma Ref: Against | Gemma Rev: Against | Qwen 27B: Favor | Qwen 32B: Against
87,#الملك_ينتصر_لقياده_المراه الله الحافظ وضع الاسعاف بعد القشعه بعيد الشر من بيشيل فطيم وهي مرميه ع الرصيف لابد من وضع مسعفات للنساء🤣,Against,Favor,Against,Favor,Against,يدعم القيادة عبر هاشتاغ ملكي وتوجيه انتقاد ساخر لوضع الإسعاف.,Gemma Orig: Against | Gemma Ref: Favor | Gemma Rev: Against | Qwen 27B: Favor | Qwen 32B: Against
88,#المراه_السعوديه_تسوق سعيدة أني عاصرت لحظات وأعوام حافله بالأمجاد 💚🇸🇦 بنات الخبر الغاليه 🕊,Favor,Favor,Favor,Favor,None,التعبير عن السعادة والاحتفاء بمرور الوقت الذي عاصرت فيه هذه اللحظة التاريخية.,Gemma Orig: Favor | Gemma Ref: Favor | Gemma Rev: Favor | Qwen 27B: Favor | Qwen 32B: None
89,#لن_تقودي حتى المستقبل,Against,Against,Against,Against,Against,التغريدة تعبر عن رفض صريح ومطلق لقيادة المرأة للسيارة في الحاضر والمستقبل.,Agreed
90,الي ماهي ناوية تسوق سيارة تجي تختار دراجة 😁🚴🏻‍♀️✌🏽 #المراه_السعوديه_تسوق,Favor,Favor,Favor,Favor,None,التغريدة تدعم فكرة قيادة المرأة للسيارة من خلال تقديم دراجة كبديل مرح.,Gemma Orig: Favor | Gemma Ref: Favor | Gemma Rev: Favor | Qwen 27B: Favor | Qwen 32B: None
91,تم الحكم على أساتذة وشيوخ ومتعلمي ودكاترة وأطباء رجال المملكة أن يستمروا على وظيفة سواق #لن_تقودي,Against,Against,Against,Against,Against,النص يستخدم السخرية لانتقاد السماح للمرأة بالقيادة عبر وصفها بسواق.,Agreed
92,#قياده_المراه_السعوديه من سوء حظكم اني مو بالسعودية ولا كان وريتكم المهارات 😎,Favor,Favor,Favor,Favor,Favor,الكاتبة تلمح بشكل ساخر لمهارتها في القيادة، مما يعكس موقفًا إيجابيًا تجاه قدرة المرأة على القيادة.,Agreed
93,#لن_تقودي لن تقودي هاااه يلاه سمعونااا صياااحكم 😂,Against,Against,Against,Against,Against,الكاتبة تستخدم نبرة ساخرة ومقاطع صوتية معارضة لتأكيد رفضها لقيادة المرأة.,Agreed
94,#لن_تقودي خلاص ندري اننا ما بنسوق اصلاً 🙂✋🏾.,None,Against,Against,Against,Favor,الكاتبة تستخدم السخرية والتهكم للتعبير عن معارضتها لقيادة المرأة للسيارة.,Gemma Orig: None | Gemma Ref: Against | Gemma Rev: Against | Qwen 27B: Against | Qwen 32B: Favor
95,#المراه_السعوديه_تسوق ياامةً ضحكت من جهلها الامم كل الفرحه ع شان المرأة تسوق السياره طيب المرأة نجحت كأم ونجحت كزوجه ونجحت مخترعه وطبيبه كاتبه ومؤلفه وووو .. وقفت على القياده وكأن الامر فيه حل للفقر والوظائف والفساد والسعوده الحقيقيه اااااااخ منكم يابتووع ..,Against,Against,Against,Against,Against,يقلل الكاتب من أهمية القيادة بحجة نجاح المرأة في مجالات أخرى، معتبراً الموضوع مبالغة.,Agreed
96,#قيادة_المرأة_السعودية نسبة وفيات حوادث المرور سترتفع الله يحمي الجميع . إلا كم واحد ...,Against,Against,Against,Against,Against,التغريدة تربط بين القيادة وارتفاع الوفيات، مما يعبر عن معارضة ومخاوف سلبية.,Agreed
97,فرحة اللحظات الأولى بعد دخول قرار قيادة المرأة للسيارات حيز التنفيذ #قودي_كزهرة #المرأة_السعوديه_تسوق,Favor,Favor,Favor,Favor,Favor,الكاتب يعبر عن فرحته بتنفيذ القرار، مما يدل على تأييده الواضح.,Agreed
98,#المرأه_السعوديه_تقود 😳👞 واحد يقول زوجتى أشترت لى جزمة ماركة و عجبتني قلتلها ذوقك حلو قالت لي أنا أصلاً من زمان أعرف أختار الجزم يقول من أمس مانمت من القهر حاس إنها تقصدني صايرين حساسين بعد سواقة الحريم الله يهديهم😎 😂 😂😂😂,Against,Against,Against,Against,Favor,الكاتب يعبر عن استياءه وسخرية من السماح للمرأة بقيادة السيارة.,Gemma Orig: Against | Gemma Ref: Against | Gemma Rev: Against | Qwen 27B: Against | Qwen 32B: Favor
99,#المراه_السعوديه_تسوق يوم تاريخي مبروك للجميع و العُقبى لنا ان شاء الله 🚘🤞,Favor,Favor,Favor,Favor,None,التعبير عن التبريك والاحتفاء بالحدث يدل على دعم واضح لموضوع قيادة المرأة.,Gemma Orig: Favor | Gemma Ref: Favor | Gemma Rev: Favor | Qwen 27B: Favor | Qwen 32B: None
100,انا مابي المراءه تسوق لان انا م اعرف اسوق ي بنات 💔#لن_تقودي,Against,Against,Against,Against,None,الكاتبة تعبر عن معارضتها صراحةً لقيادة المرأة للسيارة، رغم أن سببها شخصي.,Gemma Orig: Against | Gemma Ref: Against | Gemma Rev: Against | Qwen 27B: Against | Qwen 32B: None
101,#لن_تقودي. طيب لن اقود الله يخلي الخروف يقودددددددد وانا ملكه 👍🏻👍🏻💃😉,Favor,Against,Favor,Favor,Against,تستخدم السخرية والضحك للتعبير عن دعمها وحماسها لقيادة السيارة.,Gemma Orig: Favor | Gemma Ref: Against | Gemma Rev: Favor | Qwen 27B: Favor | Qwen 32B: Against
102,مبروك للخليج كله السماح ل ٤٠٪ من سكانه بقيادة السيارة #قياده_المرأه_السعودية,Favor,Favor,Favor,Favor,Favor,التعبير عن التهنئة بالسماح للقيادة يدل على موقف إيجابي وداعم.,Agreed
103,#لن_تقودي سايقين وسايقين وسايقين من فوق خشومكم 🔪 خلونا نعطي أنفسنا شوية امل بالأول لن يتزوجكي والحين لن تقودي 🔪🔪,Against,Against,Against,Against,Against,النص يعبر عن معارضة واضحة من خلال التهديد والعنف اللفظي ضد فكرة القيادة.,Agreed
104,ماررررح تسوقي آبدا شيلي ذا شيء من راسكك ✋✋فزعتكم لرايد✋✋ ماتقدر آجل آنشرهاا ﻵنه مابقى شيء #لن_تقودي,Against,Against,Against,Against,Against,الكاتبة تعبر عن رفضها القاطع لقيادة المرأة للسيارة باستخدام هاشتاج معارض.,Agreed
105,#قياده_المرأه_السعودية ليش الحدث ماخذ اكبر من حجمه.. إعلام غبي يضحك على نفسة ماشفنا بنت تسوق الا اللي خلف الكميرات .,Against,Against,Against,Against,Against,النص ينتقد الإعلام ويقلل من شأن الحدث، مما يعكس موقفًا سلبيًا تجاه الموضوع.,Agreed
106,#لن_تقودي المشكله في خرفان موافقين هذولي مو موافقين عشان مصلحت الحريم هذا يبي سولة الوصول الا المرأه,Against,Against,Against,Against,Against,الكاتب يعارض الفكرة ويسخر من المؤيدين، معتبراً أن دافعهم هو الوصول للنساء وليس المصلحة العامة.,Agreed
107,متحمسه لشعور اول مشوار اسوق فيه 😍😍😍😍😍😍😍 #المراه_السعوديه_تسوق,Favor,Favor,Favor,Favor,Favor,التعبير عن الحماس الشديد والسعادة لقيادة السيارة يدل على موقف إيجابي واضح.,Agreed
108,#المرأة_السعودية_تسوق حق مكتسب مالها داعي الأوفر هذا كله,Favor,Favor,Favor,Favor,Favor,تؤكد أن القيادة حق مكتسب وتطالب بإنهاء الجدل حوله.,Agreed
109,تعديل نقابك سبب اتقلابك #المرأة_السعودية_تسوق,Against,Against,Against,Against,Against,التغريدة تعزو حادث انقلاب السيارة لقيادة المرأة، مما يعكس معارضة ضمنية للقرار.,Agreed
110,😂😂😂😂😂😂 يوه ماصدق #لن_تقودي,Against,Against,Against,Against,Against,استخدام هاشتاج معارض واضح مع تعبيرات ساخرة للدلالة على الرفض.,Agreed
111,ههههههه والله ونعم كمان رابح صقر #المرأة_السعودية_تسوق URL,Favor,Favor,Favor,Favor,None,الكاتب يعبر عن دعمه للسيدة رابح صقر التي تقود السيارة، مما يعكس موقفاً إيجابياً.,Gemma Orig: Favor | Gemma Ref: Favor | Gemma Rev: Favor | Qwen 27B: Favor | Qwen 32B: None
112,بكل بساطة أقول المرأة السعودية كانت ملكة لأن الكل كان يخدمها واليوم تخلت عن تاج الملكة و ستبدأ بتقديم خدماتها للكل #المراه_السعوديه_تقود_السياره,Against,Against,Against,Against,Against,النص يعبر عن حزن على فقدان مكانة المرأة السابقة، مما يعكس معارضة التغيير.,Agreed
113,#المراه_السعوديه_تسوق قد تطرأ على الأسر بعض الظروف الصعبة التي تحتاج فيها المرأة لقيادة السيارة والتصرف السريع، لاسيما في حالة المرض الفجائي للزوجة أو أحد أفراد الأسرة، أو حدوث مكروه لهم، بما لا ينتظر وصول الإسعاف. يتبع,Favor,Favor,Favor,Favor,None,التغريدة تبرر قيادة المرأة للسيارة كضرورة في الظروف الطارئة.,Gemma Orig: Favor | Gemma Ref: Favor | Gemma Rev: Favor | Qwen 27B: Favor | Qwen 32B: None
114,"أول شخص يقود سيارة لمسافة طويلة مستقطباً اهتمام العالم كانت امرأة وهي ""بيرثا بينز""وهي أيضاً مخترعة الفرامل #لن_تقودي",Against,Against,Favor,Favor,Favor,يستخدم الحاشية المعارضة كنقد ساخر، بينما يبرز النص إنجازات المرأة التاريخية في القيادة لدعم حقها.,Gemma Orig: Against | Gemma Ref: Against | Gemma Rev: Favor | Qwen 27B: Favor | Qwen 32B: Favor
115,#المراه_السعوديه_تسوق عساها خيره ان شاء الله,Favor,Favor,Favor,Favor,None,التعبير عن تمنيات طيبة ونحوية إيجابية تجاه ممارسة المرأة القيادة.,Gemma Orig: Favor | Gemma Ref: Favor | Gemma Rev: Favor | Qwen 27B: Favor | Qwen 32B: None
116,#MBC_تحرض_علي_قياده_المراه #لن_تقودي هذا مجتمع تشغله التفاهات وتسبب له معضلة !! امة ضحكت من جهلها الامم,Against,Against,Against,Against,Against,النص يعارض القيادة صراحة ويصف المجتمع بـالتفاهات لاهتمامه بها.,Agreed
117,يشتكون من التحرش والاختطاف ثم يطالبون بالقيادة ليضيفوا إلى الاختطاف سرقة السيارة أيضاً لذلك نقول #لن_تقودي 😌,Against,Against,Against,Against,Against,النص يعارض القيادة بحجة زيادة الجرائم ويستخدم هاشتاغاً معادياً.,Agreed
118,#لن_تقودي إنتي تقودي ياعزيزتي من زمان تقودي أجيال بتربية وقيادة المجتمع فكريا وعمليا فقد كرمك الأسلام على كثير من خلقة فاحذري الذئاب البشرية,Against,Favor,Against,Against,None,النص يرفض فكرة قيادة المرأة للسيارة ويحذر منها بأسلوب ساخر.,Gemma Orig: Against | Gemma Ref: Favor | Gemma Rev: Against | Qwen 27B: Against | Qwen 32B: None
119,#لن_تقودي م بدنا نسوق بس فكو عنا 😒,Against,Against,Favor,Against,Against,التغريدة تعبر عن معارضة صريحة لقيادة المرأة للسيارة باستخدام هاشتاغ معارض.,Gemma Orig: Against | Gemma Ref: Against | Gemma Rev: Favor | Qwen 27B: Against | Qwen 32B: Against
120,ربي اقم الساعة فقد مكن للظالم والمنافق على أهل الحق والفضيلة. #المراه_السعوديه_تقود_السياره,Against,Against,Against,Against,Against,النص يعبر عن استياء شديد من القرار باستخدام لغة دينية سلبية.,Agreed
121,#لن_تقودي تخيلوا,Against,Against,Against,Against,Against,الهاشتاغ يعبر عن رفض صريح لفكرة قيادة المرأة للسيارة.,Agreed
122,#لن_تقودي الحمد لله اقود وقيادتي افضل مليون مرة من الرجال 😝موتوا بغيظكم 😝,Favor,Favor,Favor,Favor,Favor,الكاتبة تدعم قيادة المرأة وتصفها بأنها أفضل من الرجال.,Agreed
123,#المراه_السعوديه_تسوق الف مبروووك الله يعطيهم من خيرها🌹,Favor,Favor,Favor,Favor,None,التعبير عن التهنئة والدعاء بخيرها يدل على دعم واضح لقرار قيادة المرأة.,Gemma Orig: Favor | Gemma Ref: Favor | Gemma Rev: Favor | Qwen 27B: Favor | Qwen 32B: None
124,#المراه_السعوديه_تسوق كم حادث للحين,Against,None,Against,Against,None,النص يربط قيادة المرأة بزيادة الحوادث، مما يعبر عن معارضة ضمنية.,Gemma Orig: Against | Gemma Ref: None | Gemma Rev: Against | Qwen 27B: Against | Qwen 32B: None
125,#المراه_السعوديه_تسوق الله يحفظ بلادنا . وستبدأ المطالبات بأمور أخرى .,Favor,Favor,Favor,Against,None,الكاتب يعبر عن قلقه من تبعات القرار ويحذر من المطالبات المستقبلية، مما يدل على معارضته.,Gemma Orig: Favor | Gemma Ref: Favor | Gemma Rev: Favor | Qwen 27B: Against | Qwen 32B: None
126,#المرأة_السعودية_تقود_السيارة مبروك السواقه😇,Favor,Favor,Favor,Favor,Favor,استخدام كلمة مبروك يدل على التأييد والفرح بالسماح للمرأة بقيادة السيارة,Agreed
127,#المجتمع_مع_قياده_المراه الله يغثكم كانكم غثيتونا هيه انتي وياها #لن_تقودي سمعتي والا اعيدها تبين انقلعي برا دجي دجك جني 🌚,Against,Against,Against,Against,Against,النص يستخدم السخرية والتهكم لمعارضة القيادة، رغم وجود هاشتاغ مؤيد.,Agreed
128,معركة وتم حسمها! #المرأة_السعودية_تسوق,Favor,Favor,Favor,Favor,None,الكتيبة تعبر عن فرحة وحسم معركة السماح بقيادة المرأة للسيارة.,Gemma Orig: Favor | Gemma Ref: Favor | Gemma Rev: Favor | Qwen 27B: Favor | Qwen 32B: None
129,#سوالف_مكرره_حفظناها #لن_تقودي حفظناها وربي ما عاد نبي نقود ولا هلل,Against,Against,Against,Against,Against,الكاتبة تعبر عن رفضها الصريح لقيادة المرأة للسيارة وتتمنى عدم قيادتها.,Agreed
130,لن تقودي لن تقودي لن تقودي لن تقودي لن تقودي تخسون بنات أخر زمن ايش ابي أسوق . #لن_تقودي,Against,Against,Against,Against,Against,الكاتبة تعبر عن رفض صريح لقيادة المرأة للسيارة وتصفها بأنها من زمن انتهى.,Agreed
131,#سنسوق_فوق_خشومكم ترا من فوق خشم ابوك او اخوك او زوجك اذا تعديتيهم ذيك الساعه تعدي غيرهم ي قويه انتِ. #لن_تقودي,Against,Against,Against,Against,Favor,النص يستخدم لغة تحقيرية ووصفية سلبية لمعارضتي القيادة.,Gemma Orig: Against | Gemma Ref: Against | Gemma Rev: Against | Qwen 27B: Against | Qwen 32B: Favor
132,#لن_تقودي اتمنى الصوت واضح لن تقودي 😁😁😁😁😁,Against,Against,Against,Against,Against,الكاتبة تعارض صراحة قيادة المرأة للسيارة عبر التأكيد المتكرر على أنها لن تقود.,Agreed
133,في ناس يزهبون العصابة قبل الفلقة فيما يخص #قياده_المرأه_السعودية .. طيب لو كانت منقبة شلون بيتعرفون على هويتها .. طيب الشرطي يوقفها ؟ طيب بتدخل قسم التوقيف ؟ بلا بلا بلا,Against,Against,Favor,Against,Favor,الكاتب يستخدم السخرية ليدحض فكرة القيادة ويبرز الصعوبات العملية كحجة ضدها.,Gemma Orig: Against | Gemma Ref: Against | Gemma Rev: Favor | Qwen 27B: Against | Qwen 32B: Favor
134,خلصت مرحلة الدفع و التسجيل 🏎🤝 &gt;&gt; إنّ غَداً لنَاظِرِهِ قَرِيبُ &gt;&gt; شكرا يا أبو فهد على إنتصارك لقيادة المرأة 🙏🏻💜 #الملك_ينتصر_لقيادة_المرأة MENTION,Favor,Favor,Favor,Favor,Favor,الكاتبة تعبر عن الامتنان والفرح بإنجاز التسجيل، وتصفه بانتصار، مما يدل على تأييد واضح.,Agreed
135,#المراه_السعوديه_تسوق الف مبروك لنا ولكل السعوديات توكلي وانطلقي 😝🙏🏻,Favor,Favor,Favor,Favor,Favor,التعبير عن الفرح والتهنئة بوضوح عبر عبارات مثل 'الف مبروك' ورموز الابتهاج.,Agreed
136,عضوات الشورى خلاص انتهى الموضوع مافيه سواقه ارجعو ابحثو في مواضيع اهم من السواقه وفكونا وشوفوالمشاكل الي تواجه المراه ولا استقيلو #لن_تقودي,Against,Against,Against,Against,Against,النص يرفض القيادة ويحذر من عواقبها، مع استخدام هاشتاج معارض صريح.,Agreed
137,اجل خليها تروح مع الهندي العازب او تموت علي الطراق ازين 👍 #لن_تقودي,Against,Against,Against,Against,Against,النص يعبر عن معارضة واضحة عبر التهديد بالموت والسخرية من فكرة القيادة.,Agreed
138,#لن_تقودي لن نقود طالماهناك بهايم متخلفه بمجتمعنااللي ينظر الى المرأه انها بس للمتعه والفتنه وممن تحاول بعقلها المريض لفت الانتباه ورخصيه,Against,Favor,Favor,Against,Against,الكاتب يستخدم لغة تحقيرية وصفتها بـ,Gemma Orig: Against | Gemma Ref: Favor | Gemma Rev: Favor | Qwen 27B: Against | Qwen 32B: Against
139,واالله اتمنئ. يصدر أمر نسوق سيارة علئ الاقل الموظفات بس .. الاغلبيه ترفض وهم عندهم سواق تركب بنته مع اجنبي عادي 😂 #قيادة_المرأه_السعوديه,Favor,Favor,Favor,Favor,Against,الكاتبة تتوسل لإصدار أمر بالسماح بقيادة المرأة، مما يعبر عن دعمها الصريح للفكرة.,Gemma Orig: Favor | Gemma Ref: Favor | Gemma Rev: Favor | Qwen 27B: Favor | Qwen 32B: Against
140,#المراه_السعوديه_تسوق الله يستر علينا وعلى شباب المسلمين من كل أنثى لا تتقيد بأنظمة السلامة والمرور ومن كل مستهترة تقف وراء المقود(السياره) بدون رخصة مرور ومن لا تجيد قيادة السياره؟ اللهم احفظنا بحفظك وارزقنا الستر يوم القيامه,Against,Against,Against,Against,Against,النص يعبر عن خوف وقلق من عواقب القيادة، مما يعكس موقفاً معارضاً.,Agreed
141,#المراه_السعوديه_تسوق شكرا ملكنا الغالي .. أنت ملك من قبل ما تصبح ملك .. شكرا رجال الأمن اللي الآن يتابعون الوضع بأفضل أداء .. سبحان الذي سخر لنا هذا وما كنا بمقرنين 🙏,Favor,Favor,Favor,Favor,None,التغريدة تعبر عن امتنان واضح للملك ورجال الأمن بسبب السماح بقيادة المرأة للسيارة.,Gemma Orig: Favor | Gemma Ref: Favor | Gemma Rev: Favor | Qwen 27B: Favor | Qwen 32B: None
142,#السماح_بقياده_المراه ههههههههههههههههههههه وكمان تكون مستعجلة هيا خذلك رباط صليبي,Against,Against,Against,Against,Against,الكاتب يستخدم السخرية والشتائم لرفض فكرة قيادة المرأة للسيارة.,Agreed
143,من قال اني ابي اسوق اصلا فاضيه اتعب مخي انظر ذي السياره وين وانا وين والمطافيق كثير #لن_تقودي,Against,Against,Against,Against,None,تستخدم هاشتاغ معارض وتبرر عدم رغبتها في القيادة بتعبير سلبي.,Gemma Orig: Against | Gemma Ref: Against | Gemma Rev: Against | Qwen 27B: Against | Qwen 32B: None
144,اعيد واكرر واقول #لن_تقودي,Against,Against,Against,Against,Against,التغريدة تعبر عن رفض صريح ومباشر لقيادة المرأة للسيارة.,Agreed
145,الرجال اللي منثبر بالبيت ٢٤ ساعه وش تحس ياخي ! انا لو اسوق تشتكي مني محطات البنزين 💨🚗 بتقولون #لن_تقودي أدري اصلا 😒,Favor,Favor,Favor,Against,Favor,الكاتبة تعبر عن رفضها للقيادة باستخدام هاشتاج معارض وتعبيرات سلبية.,Gemma Orig: Favor | Gemma Ref: Favor | Gemma Rev: Favor | Qwen 27B: Against | Qwen 32B: Favor
146,البنات بدوا يتخيلون اذا بسوقون ، احب أقولك #لن_تقودي,Against,Against,Against,Against,Against,الكاتبة تعبر عن معارضتها لقيادة المرأة للسيارة عبر التغريد الساخر والهاشتاغ المعارض.,Agreed
147,متى تتفتح شركت التأمين والله ماطلع سيارتي وتأمينها منتهي #المراه_السعوديه_تسوق,None,None,None,None,None,التغريدة تشتكي من مشكلة تأمين سيارة ولا تعبر عن رأي في قيادة المرأة.,Agreed
148,هذي تبي تسوق ولا تبي مشروبات روحيه هذا الي يقول الي عمره ماتبخر تبخر وإحترق لا حول ولا قوة الا بالله #قياده_المرأه_السعودية,Against,Against,Against,Against,Against,الكاتب يعبر عن معارضته القوية باستخدام تعبيرات دينية سلبية وشكوك في نية السائقات.,Agreed
149,اذا ركنتي بين صفة سيارات وتبي تطلعي...اول ارجعي ع ورا لين اطلعي اغلب بودي السيارة لا تكسري المقود ابدا...طلعيها ثم اكسريه 😷 انا طلعتها شويه ثم كسرت المقود خبطت فالسيارة الي يميني #قيادة_المرأة #قياده_المرأه_السعودية,None,None,None,Against,None,الكاتبة تروي تجربة فاشلة ومضحكة في القيادة تعكس عدم الكفاءة.,Gemma Orig: None | Gemma Ref: None | Gemma Rev: None | Qwen 27B: Against | Qwen 32B: None
150,بِسْم الله نبدأ ،اول تغريدة لي لهذا الحدث العظيم ،، الشكر لله اولاً ثم لخادم الحرمين الشريفين الملك سلمان حفظه الله على هذا القرار العظيم والشكر موصول أيضاً للمتابع بجد و حزم سمو ولي العهد الأمين الامير محمد بن سلمان حفظة الله #مرحبا_في_الوطن #المرأه_السعوديه_تقود ❤️👏🏽,Favor,Favor,Favor,Favor,Favor,الكاتب يصف القرار بـالعظيم ويشكر الملك وولي العهد عليه بوضوح.,Agreed
151,#المراه_السعوديه_تسوق مره ثانيه خلوها تصادم سيارات ما يصير شي نفس اللعبه 😂😂,Against,Against,Against,Against,None,النص يستخدم السخرية ويشجع على الحوادث، مما يعبر عن معارضة قوية لفكرة القيادة.,Gemma Orig: Against | Gemma Ref: Against | Gemma Rev: Against | Qwen 27B: Against | Qwen 32B: None
152,القرار لنن يشمل بنات البقوم✋ #الملك_ينتصر_لقياده_المراه,Favor,None,Against,Favor,Favor,التغريدة تعبر عن دعم القرار من خلال الإشارة إلى شموليته واستخدام هاشتاج مؤيد.,Gemma Orig: Favor | Gemma Ref: None | Gemma Rev: Against | Qwen 27B: Favor | Qwen 32B: Favor
153,١٠/١٠ كان يوم تاريخي الحمدلله أني شهدت هذا اليوم وهذا التغير وهذه الانطلاقة اللي تعطيك شعور انك راح توصلي وراح تنجزي وماراح تحتاجي لأحد 💜💜💜💜💁🏻‍♀️ #قياده_المرأه_السعودية,Favor,Favor,Favor,Favor,Favor,تعبير عن سعادة واعتزاز باليوم التاريخي وإيجابية التغيير.,Agreed
154,لحظة طال انتظارها، ألف مبروك للمرأة السعودية وكذلك للرجل السعودي #المراه_السعوديه_تسوق,Favor,Favor,Favor,Favor,None,التعبير عن التهنئة والفرح بوضوح يدعم قرار قيادة المرأة للسيارة.,Gemma Orig: Favor | Gemma Ref: Favor | Gemma Rev: Favor | Qwen 27B: Favor | Qwen 32B: None
155,#الملك_ينتصر_لقياده_المراه ارتحت لك يوم دقيتي اشارة ههههههههههههههههههههههههههههههههههههههههههههههههههههههههههههههههههههههاختي قائدة المركبه : تعديل نقابك سبب انقلابك ..,None,Against,Favor,Favor,Against,الكاتبة تعبر عن ارتياحها لقرار القيادة وتستخدم نبرة طريفة تدعمه.,Gemma Orig: None | Gemma Ref: Against | Gemma Rev: Favor | Qwen 27B: Favor | Qwen 32B: Against
156,البنت السعوديه قدها والى غيرها مو احسن منها سواء بالقياده او بالحشمه او بالعفاف اوبالحياء او بالحجاب . وكل ماهو بالبنت السعوديه يمثل البنت المسلمه. كلنا معك. #المراه_السعوديه_تسوق,Favor,Favor,Favor,Favor,Favor,التغريدة تمدح المرأة السعودية وتدعم حقها في القيادة صراحة.,Agreed
157,الله يريد بنا خير ويستر علينا ويختار لنا طريق الصواب #لن_تقودي,Against,Against,Against,Against,None,استخدام هاشتاج #لن_تقودي يعبر بوضوح عن معارضة السماح للمرأة بقيادة السيارة.,Gemma Orig: Against | Gemma Ref: Against | Gemma Rev: Against | Qwen 27B: Against | Qwen 32B: None
158,#لن_تقودي طيب ندري وش الجديد 🙂💔,Against,Against,Against,None,Against,التغريدة تعبر عن استغراب أو سخرية من الموضوع دون موقف واضح.,Gemma Orig: Against | Gemma Ref: Against | Gemma Rev: Against | Qwen 27B: None | Qwen 32B: Against
159,#المراه_السعوديه_تسوق قبل ١٠ سنوات جيت للرياض عشان العمل وكانت الشوارع شي فضيع😫 كنت اكره الدائري وخريص لأن الناس تلزق بسيارتي وارتبك وانا مسرع حطيت ورقه على القزاز الخلفي وكتبت (السائق تحت التدريب)😁وظللت السياره😂 صاروا العالم تبعد مني ورتحت انصح البنات تجربها(سائقة مبتدئه),Favor,Favor,Favor,Favor,Favor,تستخدم الكاتبة نبرة ساخرة لوصف الفوضى، وتوصي النساء بتجربة القيادة.,Agreed
160,#المرأة_السعودية_تسوق ماهذا الذي يحصل من تجاوزات وتبرح وسفور ومسخره وسفر عبر الحدود بلا محرم وقطع الالاف الكيلومترات من نساء لوحدهن نحن نتفهم حاجة بعض النساء للقياده وفق الضوابط الشرعيه ومرعاة الاداب لكن مايحصل مهزله باب شر فتح نسأل الله السلامه,Against,Against,Against,Against,Against,الكاتب يصف الوضع بمهزله ويستنكر التجاوزات، معرباً عن رفضه لفتح باب القيادة دون ضوابط.,Agreed
161,#رفع_سعر_البنزين_30بالميه كل يومين رافعين سلامات ي غالي احمدو ربكم ي بنات انكم ماتسوقون والا الحين شايلين هم زي الاولاد🌚 #لن_تقودي,Against,Against,Against,Against,Against,النص يعبر عن معارضة صريحة لقيادة المرأة للسيارة باستخدام هاشتاج #لن_تقودي.,Agreed
162,#لن_تقودي لو سمحتو انا غرت من البنات ابي احد يتبرع يعلمني السواقه حتى لو على سطحه راضيه 💔,Favor,Favor,Favor,Favor,Favor,تعبير عن الرغبة في التعلم والحصول على الرخصة، مما يدل على تأييد القيادة.,Agreed
163,"تخيل في ١٠ سنوات يطير منك ""ربع مليون ريال"" على سواق يوديك ويجيبك لوظيفتك، واذا ٢٠ سنة يطير ""نص مليون ريال"" هباءًا منثوراً 💔 #لن_تقودي",Against,Against,Favor,Against,Against,يستخدم الكاتب حجة مالية سلبية ويدعم هاشتاغ معارض لقيادة المرأة للسيارة.,Gemma Orig: Against | Gemma Ref: Against | Gemma Rev: Favor | Qwen 27B: Against | Qwen 32B: Against
164,الله يأخذ الحاجه. #قياده_المراه_السعوديه,Against,Against,Against,None,Against,التغريدة تعبر عن تعزية لرحيل شخص ولا تحتوي على رأي حول القيادة.,Gemma Orig: Against | Gemma Ref: Against | Gemma Rev: Against | Qwen 27B: None | Qwen 32B: Against
165,#MBC_تحرض_علي_قياده_المراه والله حرضت والا ماحرضت محد درى عنكم 😝 #لن_تقودي,Against,Against,Against,Against,Against,استخدام هاشتاج #لن_تقودي يعبر بوضوح عن معارضة القيادة النسائية.,Agreed
166,#لن_تقودي لو ساقو الحريم كان الحين البنزين مجمد بأكياس بالفريزر ويبيعونه بالأنستقرام .,Against,Against,Against,Against,Against,النص يستخدم السخرية لوصف عواقب كارثية افتراضية لقيادة المرأة، مما يعبر عن معارضة قوية.,Agreed
167,الناس يالله تمشي امورها ب رواتبها ليش هالسعر المبالغ ل رخصة المراءة؟ #قيادة_المرأة_السعودية,Against,Against,Against,Against,Favor,ينقد السعر المبالغ فيه لرخصة القيادة، مما يعكس معارضة للرسوم المرتبطة بالتطبيق.,Gemma Orig: Against | Gemma Ref: Against | Gemma Rev: Against | Qwen 27B: Against | Qwen 32B: Favor
168,يابوي خلاص تراكم امتحنتونا #المراه_السعوديه_تسوق,None,Favor,Favor,Favor,None,الكاتب يدعم القرار باستخدام لغة حماسية وتشجيعية حول تجربة القيادة.,Gemma Orig: None | Gemma Ref: Favor | Gemma Rev: Favor | Qwen 27B: Favor | Qwen 32B: None
169,اللي يقولون باب للفساد ما ماتوا للحين؟ لأنهم هم نفسهم اللي أيام الدشوش وجوالات الكاميرا رافضين 😂 #لن_تقودي,Against,Favor,Favor,Against,Favor,النص يهاجم معارضي القيادة ويصفهم برفضهم للتطور، مما يعبر عن دعم ضمني للقيادة.,Gemma Orig: Against | Gemma Ref: Favor | Gemma Rev: Favor | Qwen 27B: Against | Qwen 32B: Favor
170,جسمي قشعر الف مبروك لنا 😭💕💕💕💕 #قيادة_المرأة_السعودية,Favor,Favor,Favor,Favor,Favor,التعبير عن الفرح والاحتفال بقرار قيادة المرأة للسيارة.,Agreed
171,#المراه_السعوديه_تسوق فضحتونا خلاص كلن درى كاننا حرررن قدس استغفر الله وش ذا كلنا فرحانين بس مو كذا اوفررر,Against,Against,Against,Against,Against,الكاتبة تعبر عن استياءها وسخريتها من الفرح بالقرار، وتصفه بأنه فضيحة.,Agreed
172,ياشيخ علي كيفكم هي #لن_تقودي,Against,Against,Against,Against,Against,النص يعبر عن رفض صريح لقيادة المرأة للسيارة باستخدام عبارة لن تقودي.,Agreed
173,أجل أنت اللي قد وماراح أزعل..لكن كلّما بغيتك ألقاك في السيّارة تودّيني للي أبي..جاهز??والله ماهقيته!! #لن_تقودي,Against,Against,Against,Against,Against,النص يعبر عن رفض واضح لقيادة المرأة للسيارة عبر التمني بعدم رؤيتها تقود.,Agreed
174,#الملك_ينتصر_لقياده_المراه شكرا ملك الحزم شكرا لولي العهد,Favor,Favor,Favor,Favor,Favor,التغريدة تعبر عن الامتنان والثناء على القيادة لدعمها حق المرأة في القيادة.,Agreed
175,برايي الضرورات تبيح المحظورات من ثبت اضطرارها الشديد للقيادة من النساء أرى ان يسمح لها وفق ضوابط محددة فهي ضرورة ليست ترف او هوى #لن_تقودي,Favor,Against,Favor,Favor,Favor,يدعو للسماح بالقيادة في حالات الضرورة مع وضع ضوابط محددة.,Gemma Orig: Favor | Gemma Ref: Against | Gemma Rev: Favor | Qwen 27B: Favor | Qwen 32B: Favor
176,#لن_تقودي كويس لأني لو سقت سأصدمكم 💀,Against,Against,Against,Against,None,تستخدم الكاتبة السخرية والتهديد بالإصدام للتعبير عن معارضتها لقيادة المرأة.,Gemma Orig: Against | Gemma Ref: Against | Gemma Rev: Against | Qwen 27B: Against | Qwen 32B: None
177,#لن_تقودي باقي عايشين انتم 🤣🤣🤣🤣,Against,Against,Against,Against,Favor,الكاتب يستخدم نبرة ساخرة وهاشتاج معارض للدلالة على رفضه لقيادة المرأة للسيارة.,Gemma Orig: Against | Gemma Ref: Against | Gemma Rev: Against | Qwen 27B: Against | Qwen 32B: Favor
178,#المراه_السعوديه_تسوق اكيد انا مع القيادة كل وحده تقضي مشاويرها بنفسها بدل من السواقين وكذا .. لكن ليه الموضوع كأنه حدث تاريخي شيوخ عالم دنيا خييير ترى قيادة ما تستاهل كل هالضجة والتصفيق 😶🌚 ترى احنا اخر ناس على فكرة🤐🤢,Favor,Favor,Favor,Favor,Favor,تدعم القيادة صراحةً لتسهيل المشاوير، وتنتقد الضجة الإعلامية فقط.,Agreed
179,#المراه_السعوديه_تسوق عشان تحمين نفسك من المتحرشين أثناء القيادة امسحي المكياج.,Against,Against,Against,None,None,التغريدة تقدم نصيحة وقائية ولا تعبر عن موقف صريح تجاه حق القيادة.,Gemma Orig: Against | Gemma Ref: Against | Gemma Rev: Against | Qwen 27B: None | Qwen 32B: None
180,"وعد إني أذا سقت سيارتي , إما أحط اقدم تغريدة لي عن مطالبتي بالقيادة أو بحط وسم #لن_تقودي و أحرق قلوب دواعش الشارع . URL",Favor,Favor,Favor,Favor,Against,الكاتبة تتعهد بنشر تغريدة قديمة تدعو فيها للقيادة، مما يدل على تأييدها للموضوع.,Gemma Orig: Favor | Gemma Ref: Favor | Gemma Rev: Favor | Qwen 27B: Favor | Qwen 32B: Against
181,١٠/١٠ تاريخ يؤكد بأن لاشي مستحيل 😊 #المرأة_السعودية_تسوق,Favor,Favor,Favor,Favor,Favor,الكاتبة تعبر عن سعادة وإيجابية تجاه قرار قيادة المرأة للسيارة.,Agreed
182,#لن_تقودي يا قرة عيني #اسقاط_الولاية URL,Against,Against,Against,Against,Against,التغريدة تعارض القيادة صراحةً وتطالب بإسقاط الولاية عليها.,Agreed
183,#لن_تقودي فعلاً المجتمع غير متقبل الفكرة مو تجي كم وحده عاملة نفسها الحقوقية المتمردة همها كله تمسك الدريكسون وإلا صارت المظلمومة المضطهدة😩,Against,Against,Against,Against,Against,النص يعبر عن رفض المجتمع للفكرة ويصف المؤيدين بـالمتمردات، مما يدل على معارضة واضحة.,Agreed
184,اخير بعد طول انتظار ✌🏻 #المراه_السعوديه_تسوق,Favor,Favor,Favor,Favor,None,استخدام عبارة 'أخيرًا بعد طول انتظار' يعبر عن فرحة وتأييد واضح للقرار.,Gemma Orig: Favor | Gemma Ref: Favor | Gemma Rev: Favor | Qwen 27B: Favor | Qwen 32B: None
185,#لن_تقودي لن تقودي لن تقودي مب ناقصين زحمات زياده ،،,Against,Against,Against,Against,Against,الكاتبة تعارض الفكرة بحجة زيادة الزحام وتكرار جملة لن تقودي.,Agreed
186,البعض يزعم الرجولة والحفاط ع اهله ان تختلي بسائق اجنبي خيرا لها من ان تقود مركبتها قمة الغباء ف بعض العقليات 👌🏻♥️ #لن_تقودي,Favor,Favor,Favor,Against,Favor,النص يعارض القيادة صراحة ويصفها بالغباء ويدعم هاشتاغ المنع.,Gemma Orig: Favor | Gemma Ref: Favor | Gemma Rev: Favor | Qwen 27B: Against | Qwen 32B: Favor
187,رغم أنني أدرك رفاهية الجلوس في الخلف وإنجاز بعض المهام، إلا أنني أشكر الله ثم الملك سلمان وولي عهده في أن جعل هذا القرار أمرا يتيح حرية الاختيار.. وانصح جميع السعوديات بتعلم القيادة لما لها من أهمية قد تدركينها في أي ظرف طارئ لا سمح الله #عشرة_عشرة #المراه_السعوديه_تسوق,Favor,Favor,Favor,Favor,Favor,الكاتبة تشكر القيادة على القرار وتنصح النساء بتعلم القيادة، مما يعبر عن دعم واضح.,Agreed
188,سبحان مغير الاحوال من هاشتاق #لن_تقودي إلى #ستقودي_والشعب_معك,Favor,Favor,Favor,Favor,Favor,التغريدة ترحب بالتحول من المنع إلى الإباحة، مما يعكس موقفاً إيجابياً.,Agreed
189,يب انا مابي 🏃🏃 #لن_تقودي,Against,Against,Against,Against,Against,الكاتبة تعبر عن رفضها صريحاً لقيادة المرأة للسيارة باستخدام عبارة 'مابي' وهاشتاغ معارض.,Agreed
190,استغرب الأهتمام الذي فاق الوصف في هذا الملف !! في ضَل وجود عشرات القضايا المفترض تسليط الضوء عليها في قوقعة المرأة ؟ !!! #لن_تقودي,Against,Against,Against,Against,Against,الكاتب يعبر عن استغرابه من الاهتمام بالموضوع ويستخدم هاشتاغاً معارضاً صريحاً.,Agreed
191,#لن_تقودي اللي يقولون معززه مكرمه ملكه ما نبي نكون ملكات نبي نسوووق بس,Favor,Favor,Favor,Favor,Against,الكاتبة تدافع عن حق المرأة في القيادة وتطالب به صراحة.,Gemma Orig: Favor | Gemma Ref: Favor | Gemma Rev: Favor | Qwen 27B: Favor | Qwen 32B: Against
192,#الشورى_يرفض_قيادة_المرأة كم مره نقول #لن_تقودي,Against,Against,Against,Against,Against,الكاتبة تعبر عن رفضها الصريح لقيادة المرأة للسيارة باستخدام هاشتاقات معارضة.,Agreed
193,"فيني جمله ""خلاااااااص والله دريت اننا صرنا نقود صدق خلاااص"" 👁️👁️ #قياده_المراه_السعوديه",None,None,Favor,Favor,Favor,الكاتبة تعبر عن قبولها الفعلي لقيادة المرأة للسيارة رغم السخرية الظاهرة.,Gemma Orig: None | Gemma Ref: None | Gemma Rev: Favor | Qwen 27B: Favor | Qwen 32B: Favor
194,اللهم اني استودعك فصيله الرجال اللهم احمهم بعينك التي لاتنام #المراه_السعوديه_تسوق,Against,Against,Against,Favor,None,الدعاء بحماية الرجال ضمن سياق السماح بقيادة المرأة يعكس قبولاً وتأييداً للقرار.,Gemma Orig: Against | Gemma Ref: Against | Gemma Rev: Against | Qwen 27B: Favor | Qwen 32B: None
195,مجتمعنا رافض : إذا بغيتون وأنتم صاماين نعمل إنتخابات 😳🤔 ونرفقها مع أي إنتخابات 😅 والله يسهل 👍🏻 #السماح_بقياده_المرأه,Against,Against,Against,Favor,Favor,يدعو الكاتب لإجراء استفتاء للسماح بالقيادة، مما يعبر عن تأييده للموضوع.,Gemma Orig: Against | Gemma Ref: Against | Gemma Rev: Against | Qwen 27B: Favor | Qwen 32B: Favor
196,بكره تزين الايام واحط رخصتي ب شنطتي 💃💃 #لن_تقودي,Against,Against,Favor,Favor,Favor,الكاتبة تتحمس لقيادة السيارة وتذكر وضع رخصتها، مما يعكس موقفاً إيجابياً.,Gemma Orig: Against | Gemma Ref: Against | Gemma Rev: Favor | Qwen 27B: Favor | Qwen 32B: Favor
197,#لن_تقودي بعضهم يتحجج بأن قيادتهاسيؤدي إلى تقليص عدد السائقين وهذا ليس صحيح بالدول المجاورة المرأة تقود السيارة وفي بيتها سائق لاتستغني عنه,Against,Against,Favor,Against,Favor,الكاتبة تعارض القيادة بحجة أن المرأة لا تستغني عن السائق في المنزل رغم قيادتها.,Gemma Orig: Against | Gemma Ref: Against | Gemma Rev: Favor | Qwen 27B: Against | Qwen 32B: Favor
198,مثل هذا النوع من النسويات المأزومات أخلاقياً، لوتسنى لها ظلم الرجل وظلم المرأة نفسها لفعلت إنتصاراً لمصلحتها. #لن_تقودي 😂 URL,Against,Against,Against,Against,Against,الكاتبة تنتقد النسويات وتستخدم هاشتاغاً معارضاً لقيادة المرأة للسيارة.,Agreed
199,#المراه_السعوديه_تسوق وَلَا يُبْدِينَ زِينَتَهُنَّ إِلَّا لِبُعُولَتِهِنَّ أَوْ آبَائِهِنَّ أَوْ آبَاءِ بُعُولَتِهِنَّ أَوْ أَبْنَائِهِنَّ أَوْ أَبْنَاءِ بُعُولَتِهِنَّ أَوْ إِخْوَانِهِنَّ أَوْ بَنِي إِخْوَانِهِنَّ ...... الاية وحاطة المكياج والاصبغ وطالعة تقل مهرج السرك,Against,Against,Against,Against,Against,النص يستخدم آية قرآنية ويصف المظهر بالسخرية لمعارضة القيادة.,Agreed
200,#اذا_سقنا بدعس كل رجال اشوفه قدامي واقول قدنا غصبن عنكم 😈😂 #لن_تقودي,Favor,Against,Favor,Against,Against,الكاتبة تعبر عن معارضتها للسماح بقيادة المرأة للسيارة باستخدام لغة تهديدية وسخرية.,Gemma Orig: Favor | Gemma Ref: Against | Gemma Rev: Favor | Qwen 27B: Against | Qwen 32B: Against
201,قيادة المرأة للسيارة فيها فائدة للمرأة والرجل، فألف مبروك يا صبايا مو ناقصكم شي لتسوقوا، و اللي بسمّعكم كلمة استهزاء، اضربوا سيارته خليه يتربى 😜 #المراه_السعوديه_تسوق,Favor,Favor,Favor,Favor,Favor,التغريدة تدعم صراحة حق المرأة في القيادة وتبرر فائدتها وتحتفل به.,Agreed
202,#لن_تقودي ولن تقودي بإذن الله,Against,Against,Against,Against,Against,النص يعبر بوضوح عن معارضة شديدة لقيادة المرأة للسيارة.,Agreed
203,حركات لفت النظر والهمز واللمز عشان الناس تتكلم فيني بطلوها ، بس ليتك حددتي من تترحمين عليه عشان نعرف😉 #لن_تقودي URL,Against,Against,Against,Against,None,التغريدة تعبر عن معارضة واضحة لقيادة المرأة للسيارة عبر السخرية والتمني بعدم القيادة.,Gemma Orig: Against | Gemma Ref: Against | Gemma Rev: Against | Qwen 27B: Against | Qwen 32B: None
204,#هيئة_كبار_العلماء اعلنت أن البعض ايد القرار و البعض أعترض على قرار #قياده_المرأه_السعودية ... هل لنا أن نعرف على ماذا استند كل فريق ..!!؟ و كم عدد المعترضين و المؤيدين...!!؟,None,None,None,None,None,التغريدة تطرح أسئلة استفسارية حول موقف العلماء دون التعبير عن رأي شخصي.,Agreed
205,تركب ف السياره وتخلي اللي يسوق يسوي حادث فما بالكم اذا ساقت😂يا الله سترك وش لكن بالغثى خلكن مرتاحات #لن_تقودي,Against,Against,Against,Against,Against,التغريدة تعبر عن معارضة واضحة لقيادة المرأة للسيارة باستخدام السخرية والتهكم.,Agreed
206,اليوم نكتب تاريخاً جديداً تهانينا لأمهاتنا وأخواتنا وزوجاتنا وبناتنا 🚗 #المراه_السعوديه_تقود_السياره,Favor,Favor,Favor,Favor,Favor,التعبير عن الفرح والتهنئة يوضح الدعم الواضح لقرار قيادة المرأة.,Agreed
207,#ستقودي_والشعب_معك ماشاءالله مسوي اخلاق انت واياه وين وسم #لن_تقودي اللي غثيتونا فيه سنين الله يخلي ابو فهد بسسسسس عز يامال العز 😉😂 #شيخة_البنات,Against,Favor,Against,Favor,Favor,الكاتبة تدعم القيادة بحماس وتحتقر حملة الرفض السابقة.,Gemma Orig: Against | Gemma Ref: Favor | Gemma Rev: Against | Qwen 27B: Favor | Qwen 32B: Favor
208,#لن_تقودي:ستقود باذن الله رغم انف التزمت وانوف المتزمتين وستنال حقوقها التي منعتموها وان غداً لناظره لقريب نحن بعهد التحول. ولى زمانكم,Favor,Favor,Favor,Favor,Favor,يدعم صراحة قيادة المرأة للسيارة ويصف المعارضين بالتزمتين.,Agreed
209,لن تقوودي #لن_تقودي #بناتك_ياملكنا_طالبينك_يسوقون,Against,Against,Against,Against,Against,التغريدة تعارض بوضوح فكرة قيادة المرأة للسيارة من خلال نفيها.,Agreed
210,#المرأة_السعودية_تسوق بالتوفيق للجميع ويجب توخي الحذر فالبدايات صعبه للكل ...,Favor,Favor,Favor,Favor,None,الكاتبة تمنح التوفيق وتشجع على الحذر، مما يعكس موقفاً إيجابياً وداعماً.,Gemma Orig: Favor | Gemma Ref: Favor | Gemma Rev: Favor | Qwen 27B: Favor | Qwen 32B: None
211,#المراه_السعوديه_تسوق انا تسووووق 😍,Favor,Favor,Favor,Favor,None,الكاتبة تعبر عن حماسها ودعمها لقيادة المرأة باستخدام تعابير الإثارة والابتهاج.,Gemma Orig: Favor | Gemma Ref: Favor | Gemma Rev: Favor | Qwen 27B: Favor | Qwen 32B: None
212,#تخيل_البنت_بدون_مكياج عدم الالتزام بالمسار الصحيح يعرضك للخطر وللمخالفات المرورية ..#ين_حر #السمينه_ولا_النحيفه #المدرسة_السعودية_للقيادة #قياده_المرأه_السعودية,None,None,None,None,None,التغريدة تتحدث عن المخالفات المرورية ولا تعبّر عن رأي في حق القيادة نفسه.,Agreed
213,الي يقولون وين الي يسوقون اصبرو شهر بس ع ماتطلع الرخص والاغلب ياخذونها بتشووفون الشوراع مليانه 🤩❤️❤️❤️ #المراه_السعوديه_تسوق,Favor,Favor,Favor,Favor,Favor,الكاتب يتوقع إقبالاً كبيراً على القيادة ويعبر عن الحماس باستخدام الرموز التعبيرية الإيجابية.,Agreed
214,راح وقت بطاقات الشحن وجاء وقت تسديد المخالفات. #المراه_السعوديه_تسوق,None,None,None,None,None,النص يركز على دفع المخالفات المالية ولا يعبر عن رأي في القيادة.,Agreed
215,#لن_تقودي انا سائق لأمي وأختي وبنتي وزوجي وأفتخر بشرف رعايتك وحمايتك لا تغرنك هتافاتهم هم يتربصون لا تضعفي أعلنيها #لا_للمتربصين_بالمسلمات,Against,Against,Against,Against,Against,النص يعارض القيادة صراحةً ويدعو لعدم الانسياق وراء المؤيدين.,Agreed
216,من كثر قوة هالحدث نسينا نتحلطم على الدوام #المراه_السعوديه_تسوق,Favor,Favor,Favor,Favor,Favor,الكاتبة تعبر عن سعادة غامرة وانفعال إيجابي بحدث السماح للمرأة بالقيادة.,Agreed
217,ودي اعرف وين الوناسه بالموضوع يوم الخليجيات يتسابقون من اول من يدخل السعوديه ومتحمسات اكثر منا ، الحمدلله والشكر بس !#المرأة_السعودية_تقود_السيارة,Against,Favor,Against,Favor,Favor,التعبير عن الحماس والامتنان لبدء القيادة يُظهر موقفًا إيجابيًا واضحًا.,Gemma Orig: Against | Gemma Ref: Favor | Gemma Rev: Against | Qwen 27B: Favor | Qwen 32B: Favor
218,#المراه_السعوديه_تسوق لا يستطيع محدودو الدخل أن يوفوا برواتب للسائقين الوافدين، وبذلك تزيل قيادة المرأة للسيارة عبئًا كبيرًا من على محدودي الدخل، وتجعلهم يقضون أمورهم بكل سلاسة. يتبع,Favor,Favor,Favor,Favor,Favor,التغريدة تبرز الفوائد الاقتصادية والاجتماعية لقيادة المرأة، مما يعبر عن دعم واضح.,Agreed
219,ألف مبروك لبنت وطني الحمد لله ان قدتي مركبتك في وطنك ونلتي حقك الطبيعي #المراه_السعوديه_تسوق,Favor,Favor,Favor,Favor,Favor,التعبير عن الفرح والتهنئة يمنح الحق الطبيعي للمرأة في القيادة.,Agreed
220,يمكن تقود السياره مع زوجها او ولي أمرها في البر عن النفس فقط #لن_تقودي,Against,Against,Against,Against,Favor,النص يقيد القيادة بشروط صارمة ويستخدم هاشتاغ معارض، مما يعكس موقفاً ضد القيادة الحرة.,Gemma Orig: Against | Gemma Ref: Against | Gemma Rev: Against | Qwen 27B: Against | Qwen 32B: Favor
221,توزيع ورود وانا ماشوف الا مخالفات ورده بالغلط مع مخالفه طيب🙅#المراه_السعوديه_تسوق,Against,Against,Against,Favor,Against,النص يعبر عن دعم ضمني من خلال المشاركة الإيجابية في الاحتفال بقرار القيادة.,Gemma Orig: Against | Gemma Ref: Against | Gemma Rev: Against | Qwen 27B: Favor | Qwen 32B: Against
222,عاشت عاشت بلادي💚10/10🇸🇦💚#المرأة_السعودية_تسوق #قيادة_المراة_السعودية,Favor,Favor,Favor,Favor,Favor,استخدام تعابير الاحتفال والفرح مثل 'عاشت عاشت' يدعم الموقف الإيجابي.,Agreed
223,#المراه_السعوديه_تقود_السياره هالله هالله 💃🏻,Favor,Favor,Favor,Favor,Favor,استخدام تعبيرات الفرح والرقص يدل على تأييد واضح لقيادة المرأة للسيارة.,Agreed
224,#قياده_المرأه_السعودية النظام يعاقب من يتعرض للمرأة ويصوّرها أثناء قيادة السيارة !!! والإعلام الهدام يبالغ في تغطيته الإعلاميه ويثير الفتنه، ومجتمعنا محافظ، والمتبرجات الكاشفات لشعورهن يمثلن أنفسهن ، تحيه للمحجبه المحتشمه التي يفخر بها المجتمع السعودي المحافظ.,Favor,Favor,Favor,Favor,None,يدافع عن حق القيادة ويحمي السائقات من المضايقة والتغطية الإعلامية السلبية.,Gemma Orig: Favor | Gemma Ref: Favor | Gemma Rev: Favor | Qwen 27B: Favor | Qwen 32B: None
225,#المراه_السعوديه_تسوق العالم اللي ماخذ الوضع طقطقه.. لو انت تصاب بإعاقه ولا عندك ماده تقدر تجيب سائق راح تندم انك ماعلمت بنتك او زوجتك ... فلذاك اترك الناس واهتم في نفسك ، ومن يحاول يتعرض اي بنت راح يكون نظام الدوله امامه ✋🏻 الف مبروك لسعوديات 🌺🌹,Favor,Favor,Favor,Favor,Favor,التغريدة تهنئ النساء وتدعم حقهن في القيادة وتعتبرها ضرورة عملية.,Agreed
226,خذو عقلك فيه قضايا اهم منك يالخبلة منهو انتي اللي قضيتك بس الاهم من بين القضايا قلة أدب وحيا خبلة ياالعوجا #لن_تقودي,Against,Against,Against,Against,Against,التغريدة تستخدم لغة مسيئة وتهاجم النساء، مما يعكس معارضة قوية لفكرة قيادة المرأة للسيارة.,Agreed
227,ابد ولله انزل من السياره وهي شغاله واهج 😂😂😂😂 حياتي اهم شي ✌🏻 #ستقودي_والشعب_معك #قياده_المرأه_السعودية URL,Favor,Favor,Against,Favor,None,الكاتبة تستخدم هاشتاقات داعمة وتعبيرات إيجابية تؤكد تأييدها لقيادة المرأة.,Gemma Orig: Favor | Gemma Ref: Favor | Gemma Rev: Against | Qwen 27B: Favor | Qwen 32B: None
228,ياربي اني من عقب #السماح_بقيادة_المرأة وانا مو قادره انام بالعاده هالوقت اكون بسابع نومه❤️😩,Favor,Against,Favor,Favor,Against,الكاتبة تعبر عن فرحة كبيرة وشعور بالانتماء لمنح المرأة حق القيادة.,Gemma Orig: Favor | Gemma Ref: Against | Gemma Rev: Favor | Qwen 27B: Favor | Qwen 32B: Against
229,#قيادة_المرأة_السعودية كبداية ،، توقعوا منها كوااااارث👇🏽,Against,Against,Against,Against,Against,الكاتب يتنبأ بكارثة نتيجة القيادة، مما يعبر عن معارضة شديدة للفكرة.,Agreed
230,لم أكن من المؤيدين و لستُ من المعارضين ، و لكني سعيدة جداً بهذا التمكين .. ألف مبرووك لـ معشر النساء السعوديات 💜💜 #SaudiWomenDriving #قياده_المرأه_السعودية,Favor,Favor,Favor,Favor,Favor,الكاتبة تعبر عن سعادتها بالقرار وتبرك للنساء، مما يدل على موقف إيجابي.,Agreed
231,مافي مشكله في السواقه المراه المشكله في المجتمع!🙄 #لن_تقودي,Favor,Favor,Favor,Against,Favor,الكاتبة تعبر عن معارضتها للقيادة باستخدام هاشتاغ معارض ونبرة سلبية.,Gemma Orig: Favor | Gemma Ref: Favor | Gemma Rev: Favor | Qwen 27B: Against | Qwen 32B: Favor
232,موتحدي السالفه بس اذا القيادة كانت بشروط وقوانين ليش اغلب الناس رافضه اللي مايبغى اخواته يسوقون خلاص ودهم انت لاتحذفهم مع السواق #لن_تقودي,Favor,Against,Favor,Favor,Against,يدافع عن حق القيادة بشرط الالتزام بالقوانين وينتقد معارضيها.,Gemma Orig: Favor | Gemma Ref: Against | Gemma Rev: Favor | Qwen 27B: Favor | Qwen 32B: Against
233,إلى كل واحد ما سافر هذا الصيف: ترا الحريم بيسوقوا في السعودية .. يعني ما سار في فرق بيننا وبين الدول الثانية #قياده_المرأه_السعودية #المرأة_السعودية_تقود_السيارة,Favor,Favor,Favor,Favor,Favor,الكاتبة تبرز إيجابية القيادة وتساوي الوضع مع الدول الأخرى، مما يعكس تأييداً للقرار.,Agreed
234,الشرف غالي #لن_تقودي,Against,Against,Against,Against,Against,التغريدة تعارض قيادة المرأة للسيارة بحجة الحفاظ على الشرف.,Agreed
235,#المراه_السعوديه_تسوق مبروك👌🙏🏻,Favor,Favor,Favor,Favor,None,استخدام كلمة مبروك وإيموجي الإبهام يدل على التأييد والفرح,Gemma Orig: Favor | Gemma Ref: Favor | Gemma Rev: Favor | Qwen 27B: Favor | Qwen 32B: None
236,اقسم بالله ازعجتونا .. الشعب السعودي ولا حرمه محافظه ساقت ماساق الا نسبه لاتذكر واول مره اشوف قرار حكومي غير مرحب به #المراه_السعوديه_تقود_السياره,Against,Against,Against,Against,Against,الكاتب يعبر عن استيائه ورفضه للقرار، واصفاً إياه بغير المرحب به.,Agreed
237,"#لن_تقودي مشكلة قيادة المرأة ""غباء"" قيادة و تشكيل الرأي العام المجتمع يرفض ""متحررة و متمردة و و"" اللي خلف القيادة اكثر من القيادة نفسها",Against,Against,Against,Against,Against,الكاتبة تصف القيادة بالغباء وتبرر رفض المجتمع لها، مما يعبر عن معارضة واضحة.,Agreed
238,#سعوديات_ضد_قياده_المراه وصلت لمرحلة عالية من التحدث مع النفس بسبب موضوع قيادة المرأة😊 صرت أسولف مع نفسي بالإنجليزي ..!😂 خلاص #لن_تقودى,Against,Against,Against,Against,Against,الكاتبة تعبر عن معارضتها الصريحة لقيادة المرأة للسيارة باستخدام هاشتاقات ضد الموضوع.,Agreed
239,بالتوفيق لسيدات المملكة 🌹👍🏼 #المراه_السعوديه_تسوق,Favor,Favor,Favor,Favor,None,التعبير عن التهنئة والتشجيع واضح من خلال كلمة بالتوفيق واستخدام الرموز الإيجابية.,Gemma Orig: Favor | Gemma Ref: Favor | Gemma Rev: Favor | Qwen 27B: Favor | Qwen 32B: None
240,لاوظائف ومستقبل ضايع وفالحين يتجمعون بس في تاق #لن_تقودي ومسوين فيهاحميه وهم في اي حق مايساعدون البنات يوصلون له بس فرحانين بالاعتراض وبس💦😪,Favor,Favor,Favor,Favor,Favor,الكاتب ينتقد معارضي القيادة ويدعو لدعم حقوق النساء، مما يعبر عن تأييد واضح.,Agreed
241,#لن_تقودي بيجي يوم ويسمحون لنا تبين تسوقين سوقي ماتبين كيفك محد يجبرك تسوقين وانت اذا اختك او امك بتسوق كيفهم مايبون برضه بكيفهم وشكرا,Favor,Favor,Favor,Favor,Against,يدافع عن حق المرأة في القيادة ويرفض فرض القيود عليها.,Gemma Orig: Favor | Gemma Ref: Favor | Gemma Rev: Favor | Qwen 27B: Favor | Qwen 32B: Against
242,#لن_تقودي الا انا ساقود 😎💜.,Against,Against,Against,Favor,Against,الكاتبة تعبر عن حماسها وشغفها بقيادة السيارة باستخدام نبرة إيجابية وإيموجي.,Gemma Orig: Against | Gemma Ref: Against | Gemma Rev: Against | Qwen 27B: Favor | Qwen 32B: Against
243,#المراه_السعوديه_تسوق بقى اول سعوديه تصدم,Against,Against,Against,Against,None,النص يستخدم سخرية لربط القيادة بحادث تصادم، مما يعبر عن معارضة ضمنية.,Gemma Orig: Against | Gemma Ref: Against | Gemma Rev: Against | Qwen 27B: Against | Qwen 32B: None
244,#لن_تقودي اوكِ بيبي نوبروبلم,Against,Against,Against,Against,Against,استخدام هاشتاج معارض واضح (#لن_تقودي) يعبر عن رفض القيادة.,Agreed
245,#المراه_السعوديه_تسوق شكلي وانا فرحانه مع البنات بس اتذكر ان ماعندي سياره ولا رخصه ولا اعرف اسوق URL,Favor,None,Favor,None,None,الكاتبة تعبر عن فرحتها برفقة البنات دون توجيه رأي صريح حول موضوع القيادة.,Gemma Orig: Favor | Gemma Ref: None | Gemma Rev: Favor | Qwen 27B: None | Qwen 32B: None
246,#لن_تقودي مايحتاج انت عندي 😎,Against,Against,Against,Against,Against,النص يعبر عن رفض واضح لقيادة المرأة للسيارة باستخدام لغة منفية.,Agreed
247,يوم الاحد مرتبطه بطلعه ولا كان ودي اجلس على الرصيف واصفرر لاي وحده تسوق 👏🏻👏🏻👏🏻👏🏻👏🏻 #قياده_المرأه_السعودية,Favor,Favor,Favor,Against,Favor,الكاتب يعبر عن سخرية واستهزاء من النساء السائقات باستخدام إيموجي التصفيق الساخر.,Gemma Orig: Favor | Gemma Ref: Favor | Gemma Rev: Favor | Qwen 27B: Against | Qwen 32B: Favor
248,كان هاالتاق ايام المنع يجيبلي المراره بس الحمدالله وشكرا محمد بن سلمان💔 #لن_تقودي,Favor,Favor,Favor,Favor,Favor,الكاتبة تعبر عن شكرها لرفع الحظر، مما يدل على تأييدها لقيادة المرأة.,Agreed
249,يستاهلون 👍👍 #المراه_السعوديه_تسوق,Favor,Favor,Favor,Favor,None,الكاتب يعبر عن تأييد واضح باستخدام إيموجي الإبهام والعبارة الإيجابية.,Gemma Orig: Favor | Gemma Ref: Favor | Gemma Rev: Favor | Qwen 27B: Favor | Qwen 32B: None
250,#المراه_السعوديه_تسوق زانت نفسيات العسكر 🙄.,Against,Against,Against,Against,None,التعليق يعبر عن استهزاء وسخرية من قيادة المرأة للسيارة.,Gemma Orig: Against | Gemma Ref: Against | Gemma Rev: Against | Qwen 27B: Against | Qwen 32B: None
251,🚙🚗🚕 #قياده_المراه_للسياره_ضروره 🚗🚙🚕 👆🏻🚗👆🏻🚕👆🏻🚗👆🏻🚕👆🏻🚗👆🏻🚕👆🏻🚗👆🏻🚕👆🏻🚗👆🏻🚕👆🏻🚗 #لن_تقودي قرّي في بيتك أبرك لك ولغيرك #حبيبسي_لن_يتزوجسي,Against,Against,Against,Against,Against,النص يرفض القيادة صراحةً ويطلب من المرأة البقاء في المنزل.,Agreed
252,#المراه_السعوديه_تسوق الله يعين بكره ع الزحمه الصباح 😓😓,None,None,Against,Against,None,الكاتب يعبر عن سخطه ومعارضته لقرار القيادة من خلال الشكوى من الزحام المتوقع.,Gemma Orig: None | Gemma Ref: None | Gemma Rev: Against | Qwen 27B: Against | Qwen 32B: None
253,اليوم ٢٤/ ٦/ ٢٠١٨م تُمارس المرأة حقها الطبيعي في قيادة السيارة MENTION #شكراً_ملكنا_سلمان #شكرا_محمد_بن_سلمان #المراة_السعوديه_تسوق #مها_الوابل,Favor,Favor,Favor,Favor,Favor,التغريدة تهنئ المرأة على ممارسة حقها الطبيعي وتعبّر عن الامتنان للملكين.,Agreed
254,#لن_تقودي الشعب السعودي شعب جميل وغيور .. فنحن نفرض ع ذاتنا .. ماذا اسمي قيادتكم ،، تديث ؟ ام تحرر ؟ ام عدم سيطره ؟ ❤️✋🏻,Against,Against,Against,Against,Against,النص يعبر عن معارضة صريحة لقيادة المرأة باستخدام لغة هجومية وسلبية.,Agreed
255,#لن_تقودي في مجتمع يقوده الجهل,Against,Against,Against,Against,Against,النص يعبر عن معارضة صريحة لقيادة المرأة للسيارة بحجة سيطرة الجهل.,Agreed
256,مو معناته انك يافولاذيه تنشرين الفساد تقولين الحرية! مهما نبحتي لن تقومي الدوله على حاكمها فرقي يا جاهله بين الحرية والفساد.! و #لن_تقودي,Against,Against,Against,Against,Against,النص يعارض بشدة فكرة القيادة، ويستخدم لغة هجومية وهاشتاغاً معادياً لها.,Agreed
257,#لن_تقودي اذا جيت للأعلام تلقى المطلقات مذيعات مجتمعات في اغلب البرامج كلامهم عن ظلم المرأه ومسكينه المرأه وهم مقهورين من طلاقهم وجلستهم 1-,Against,Against,Against,Against,Against,الكاتب يستخدم نبرة ساخرة لانتقاد صورة المرأة في الإعلام، مما يعكس معارضته لموضوع القيادة.,Agreed
258,#المراه_السعوديه_تسوق ماشاءالله ، الف الف الف مبروووووك ، بناتنا وخوانتا وامهاتنا بمناسبة قيادة المرآه السيارة ، الله يوفقهم ويحفظهم يارب,Favor,Favor,Favor,Favor,Favor,التعبير عن الفرح والتهنئة والتمني بالتوفيق يدل على دعم واضح.,Agreed
259,الى كل من يعترض على قيادة المرأه .. اليس الاجدر بها ان تقود سيارتها وتقضي حاجتها دون الركوب مع سائق هو بالاصل ليس محرم لها . #المراه_السعوديه_تسوق,Favor,Favor,Favor,Favor,Favor,يدافع النص عن حق المرأة في القيادة لتجنب الركوب مع سائق غير محرم.,Agreed
260,#المراه_السعوديه_تسوق المقصات هو الراديتر معلومه مهمه ياشباب اوكي ..!؟؟😂,None,Against,Against,None,None,النص يركز على نصيحة ميكانيكية للمقصات ولا يعبر عن رأي حول قيادة المرأة.,Gemma Orig: None | Gemma Ref: Against | Gemma Rev: Against | Qwen 27B: None | Qwen 32B: None
261,#لن_تقودي طيب سواقة الدراجة وش صار عليها 🙊😜😎..,Against,Against,Against,Against,Against,استخدام هاشتاج معارض للسماح بقيادة المرأة للسيارة.,Agreed
262,وين شلة لن تقودي ؟ 😱😂🤣 #الملك_ينتصر_لقياده_المراه,Favor,Favor,Favor,Favor,Favor,الكاتب يستخدم نبرة ساخرة لدعم القيادة، مستشهداً بقرار ملكي مؤيد لها.,Agreed
263,شوفو الأسلوب كيف مو #لن_تقودي 😑💔 خلاص بنات كنسلو موضوع السياقة 😍💘 حنا أميرات 😌💅🏼😂 MENTION عشانه 🙈💗,Against,Against,Against,Against,Favor,الكاتبة تعبر عن رفضها لقيادة المرأة للسيارة وتفضل البقاء في المنزل.,Gemma Orig: Against | Gemma Ref: Against | Gemma Rev: Against | Qwen 27B: Against | Qwen 32B: Favor
264,#لن_تقودي ماعاد فيه بسير على فلانه حامل . الحين بقهوي فلانه صادمه .,Against,Against,Against,Against,Against,النص يعبر عن سخط ورفض لقيادة المرأة عبر ذكر حوادث مرورية.,Agreed
265,تقود الغنيه. وتنقهر. الفقيره. وليته متحشمات. انواع. التبرج #لن_تقودي,Against,Against,Against,Against,Against,النص يستخدم هاشتاغ معارض ويصف القيادة بالتحرش والتبرج، مما يعبر عن رفض واضح.,Agreed
266,الفتاة المحتشمه : مفخره لوالديها ، كرامه لزوجها ، مثال لبناتها ، قدوه للمجتمع♥ #لن_تقودي,Against,Against,Against,Against,Against,النص يربط بين العفة وعدم القيادة، مستخدماً هاشتاغاً معارضاً صريحاً للقيادة.,Agreed
267,#لن_تقودي جالس بمغسلة سيارات اغسل سيارتي واللي معاي كلهم حريم كل وحده بسيارتها 😂😂😂😂😂,Against,Against,Against,Favor,Favor,النص يصف مشهداً واقعياً لنساء يقودن سيارات، مما يدعم فكرة القيادة عملياً رغم الهاشتاغ المعارض.,Gemma Orig: Against | Gemma Ref: Against | Gemma Rev: Against | Qwen 27B: Favor | Qwen 32B: Favor
268,#لن_تقودي حماية لك وهو مطلقها مع السواويق 🌚.. عندما تتفلسف الحمير!,Favor,Favor,Favor,Against,Against,النص يستخدم لغة مسيئة ووصفاً سلبياً للمنادين برفع الحظر، مما يعبر عن معارضة قوية.,Gemma Orig: Favor | Gemma Ref: Favor | Gemma Rev: Favor | Qwen 27B: Against | Qwen 32B: Against
269,#المراه_السعوديه_تسوق كلي فخر بهذا الوطن الي قاعدة اشوفه شي جميل الرجال و النساء يد وحده الف مبروك لنا على بدء القيادة في السعودية واتمنى نكون عند حسن ظن الملك سلمان و ولي العهد محمد بن سلمان ونحن باذن الله سنكون عند حسن الظن ❤️,Favor,Favor,Favor,Favor,Favor,التعبير عن الفخر والتهنئة ببدء قيادة المرأة للسيارة في السعودية.,Agreed
270,حريمهم يسقن😂 #المراه_السعوديه_تسوق,Favor,Favor,Favor,Against,None,النص يعبر عن استهزاء وسخرية من النساء اللواتي يقودن السيارات.,Gemma Orig: Favor | Gemma Ref: Favor | Gemma Rev: Favor | Qwen 27B: Against | Qwen 32B: None
271,قيادة السيارة لاتعني التبرج والسفور والاختلاط تذكري امر الخالق سبحانه وتعالى وَقَرْنَ فِي بُيُوتِكُنَّ وَلَا تَبَرَّجْنَ تَبَرُّجَ الْجَاهِلِيَّةِ الْأُولَىٰ.... #المراه_السعوديه_تسوق,Against,Against,Against,Against,Favor,تربط الكاتبة بين القيادة وبين السلوكيات المحرمة، مستشهدة بآية تدعو للبقاء في البيوت.,Gemma Orig: Against | Gemma Ref: Against | Gemma Rev: Against | Qwen 27B: Against | Qwen 32B: Favor
272,شيء غريب من اللي ينتقد المرأة على السواقة وهي لسه توها بادية، فيه شباب سنوات يسوقون وما كأنه تعلم شيء #المرأة_السعودية_تسوق,Favor,Favor,Favor,Favor,Favor,يدافع عن حق المرأة في القيادة بمقارنتها إيجابياً بشباب يسوقون دون تعلم.,Agreed
273,#المراه_السعوديه_تقود_السياره وهذا أمر رائع جداً وبناء والاهم ان قيادة المرأة باتت ضرورة وليست ترفيه كما يضن محدودي الافق، وفوائدها كثيرة اجتماعيه واقتصاديه واخلاقيه. علينا ان ندع الموروث الموبوء والعادات البالية التي ما انزل الله بها من سلطان. وعلينا ان نعاصر الزمن والمتغيرات.,Favor,Favor,Favor,Favor,Favor,التغريدة تمدح القرار صراحة وتصفه بالرائع والبناء وتؤكد ضرورته.,Agreed
274,#لن_تقودي الله سبحانة وتعالى أسقط عن المراة فرض صلاة الجماعة حتى تستتر ببيتها وهن يطالبن للخروج للقيادة,Against,Against,Against,Against,Against,الكاتب يعارض القيادة بحجة أن الله أسقط فرض الصلاة على المرأة لتستتر في بيتها.,Agreed
275,#المراه_السعوديه_تسوق اليوم الحلقه الاخيره لكلمة ياليتني ولد 😂😂😂😂😂😂,Favor,Favor,Favor,None,None,التغريدة تذكر موضوعاً دون التعبير عن رأي صريح أو موقف واضح تجاهه.,Gemma Orig: Favor | Gemma Ref: Favor | Gemma Rev: Favor | Qwen 27B: None | Qwen 32B: None
276,اجمل مافي الموضوع لجين مامداه تسوق وتقهركم شباب 😂😂😂😂😂 #قياده_المرأه_السعودية,Favor,Favor,Favor,Favor,None,الكاتب يعبّر عن سعادة وحماس لبدء تجربة القيادة، مما يدل على موقف إيجابي.,Gemma Orig: Favor | Gemma Ref: Favor | Gemma Rev: Favor | Qwen 27B: Favor | Qwen 32B: None
277,كيف يمكن التعرف على هوية السائقه اذا كانت منقبه 👍 لا حاجه للكشف بالبصمه 👏 #قياده_المرأه_السعودية URL,Against,Against,Against,Favor,Favor,يدافع عن حق القيادة من خلال اقتراح حلول تقنية للتغلب على الاعتراضات.,Gemma Orig: Against | Gemma Ref: Against | Gemma Rev: Against | Qwen 27B: Favor | Qwen 32B: Favor
278,الله يستر ،، من نزلة ( القديّة ) ( هذا بلا ابوك يا عقاب ) 😀🙈 #المراه_السعوديه_تسوق,Against,Against,Against,Against,Against,الكاتب يستخدم لغة ساخرة ومهينة لوصف السائقات، مما يعبر عن معارضته القوية.,Agreed
279,#المراه_السعوديه_تسوق الله يستر عليك من بنت جارنا 😂✋,Against,Against,Against,Against,None,الكاتب يستخدم تعبير 'الله يستر' والسخرية للتعبير عن رفضه وخوفه من قيادة المرأة للسيارة.,Gemma Orig: Against | Gemma Ref: Against | Gemma Rev: Against | Qwen 27B: Against | Qwen 32B: None
280,هاشتاقات #قياده_المراه_للسياره هاشتاقات مشبوهة تصدر من مجاهيل في أوقات الأزمات لتصادر رأي المجتمع .. ونقول لها بملء فينا : #لن_تقودي ..,Against,Against,Against,Against,Against,الكاتب يعارض القيادة صراحةً ويصف الهاشتاقات الداعمة لها بأنها مشبوهة.,Agreed
281,#المراه_السعوديه_تسوق اكثر شي ندمانه عليه حاليا انو سنوات البعثة مرت و ما أخذت الرخصة الأمريكيه 🙃,Favor,Favor,Favor,None,Favor,التغريدة تتحدث عن ندم شخصي على عدم الحصول على رخصة أمريكية، ولا تعبر عن موقف من قيادة المرأة للسيارة.,Gemma Orig: Favor | Gemma Ref: Favor | Gemma Rev: Favor | Qwen 27B: None | Qwen 32B: Favor
282,#قياده_المرأه_السعودية #قيادة_المرأة_للسيارة وين سويتي الحادث ؟ -لو يهمك كان عرفت. قريبا هههههههههههههههههههههههههههههههههههههههههههههههههههههههههههههههههههههههههههههههههههههههههههههههههههه,Against,Against,Against,Favor,None,تعبير عن حماس وسعادة شخصية بتجربة القيادة، مما يدل على موقف إيجابي.,Gemma Orig: Against | Gemma Ref: Against | Gemma Rev: Against | Qwen 27B: Favor | Qwen 32B: None
283,لكل الساخرين من الرجال.. الحقيقة تقول: في أمريكا تأمين سيارة المرأة أرخص من الرجل.. لأنها أقل حوادث.. بلغة الأرقام التي لاتكذب.. #قياده_المرأه_السعودية,Favor,Favor,Favor,Favor,Favor,يدافع عن القيادة باستشهاد إحصائيات سلامة تدعم كفاءة المرأة في القيادة.,Agreed
284,#قياده_المراه_للسياره_ضروره لن تقودي لن ت ق و د ي لن تقووووووودي #لن_تقودي لن تسوقي لن ت س و ق ي لن تسووووووقي #لن_تسوقي,Against,Against,Against,Against,Against,التغريد تعبر عن رفض صريح ومباشر لقيادة المرأة للسيارة.,Agreed
285,اذا الوحدة خايفه يتحرش بها سواق وتبي الخروج من السالفة انها تسوق بنفسها كم واحد يتحرش بها اساسا وهي ع الطريق والخط مقفل ؟؟ نكذب؟ #لن_تقودي,Against,Against,Against,Against,Against,النص يستخدم السخرية لرفض فكرة القيادة، ويدعم الوسم المعادي لها.,Agreed
286,#لن_تقودي ومين قال نبي نسوق اللي تبي تسوق تعالي اخليك بدال سواقي راتبك٨٠٠معاد الا بنت ابوها تسوق وين راحواالسواقين وين راحوااللي مسؤلين عني,Against,Against,Against,Against,Against,الكاتبة تعارض القيادة وتروج لوظيفة السواقين كبدل، مما يعكس معارضة واضحة.,Agreed
287,مناشبين السعوديات ع فرحتهم بالسواقه ! شخصكم فيهم خلوهم يعبرون ويستانسون ع كيفهم عافان الله حاشرين خشمهم فكل مكان #المراه_السعوديه_تسوق,Favor,Favor,Favor,Against,None,النص يعبر عن استياء واضح من فرحة السعوديات بالسواقة ويصفهن بلغة سلبية.,Gemma Orig: Favor | Gemma Ref: Favor | Gemma Rev: Favor | Qwen 27B: Against | Qwen 32B: None
288,مادرينا عنكم ولا عن قيادتكم #لن_تقودي,Against,Against,Against,Against,None,النص يستخدم تعبيراً سلبياً واضحاً للرفض مع هاشتاج معارض للقيادة.,Gemma Orig: Against | Gemma Ref: Against | Gemma Rev: Against | Qwen 27B: Against | Qwen 32B: None
289,#لن_تقودي بل هي من تقود المجتمع وهي من تربي الأجيال وهي الام والأخت والزوجة لاتجعلوها في دائرة ضيقة ،اللهم احفظها بحفظك وجعلها عزيزة دائما,Against,Against,Favor,Favor,None,يدافع الكاتب عن دور المرأة المتعدد ويحذر من حصرها في أدوار ضيقة، مما يعكس تأييداً لدورها وقيادتها.,Gemma Orig: Against | Gemma Ref: Against | Gemma Rev: Favor | Qwen 27B: Favor | Qwen 32B: None
290,اقول اسكتو ي سواقين العائله 😂 حنا ي البناات مثل الأميرات ف قصرناا قصدي بيتنا🌚💔 اصلن السواقه مو حلوى🙃☹✋ #لن_تقودي,Against,Against,Against,Against,Against,تستخدم هاشتاغ معارض وتصف القيادة بأنها غير جميلة، مما يعبر عن معارضتها.,Agreed
291,الي عايشات فالعاصمة الله يعينهن لكن عاااااادي كل شي بالتعليم يصبح سهل جدا ...معنا بنات سنة اولى جامعة ويسوقن في العاصمة عادي شارع 4حارات #قيادة_المرأة #قياده_المرأه_السعودية,Favor,Favor,Favor,Favor,Favor,التغريدة تدعم القيادة عبر ذكر سهولة التعلم وتجربة إيجابية للطلاب في العاصمة.,Agreed
292,يوم جديد يشهد بدايه جديده لنا مبروووك 💜💜💜💜💜 #قياده_المراه_السعوديه,Favor,Favor,Favor,Favor,Favor,استخدام كلمة مبروك ورموز القلوب يدل على ترحيب واضح ودعم للقرار.,Agreed
293,عندما تتعرى الشجرة من أوراقها يكون مصيرها حطب للنار ، اعتقد واضحة.🍺 #لن_تقودي,Against,Against,Against,Against,Against,النص يستخدم استعارة سلبية لوصف المرأة، ويدعم هاشتاغاً معارضاً بوضوح لقيادة المرأة.,Agreed
294,لماذا يعترض الكثير على #قياده_المرأه_للسيارة بعيدا عن التغريب والدين وصراع التيارات اختصرته هذه المرأه #لن_تقودي URL,Against,None,Favor,Against,Against,الكاتبة تعبر عن معارضتها صراحة عبر هاشتاج لن تقودي.,Gemma Orig: Against | Gemma Ref: None | Gemma Rev: Favor | Qwen 27B: Against | Qwen 32B: Against
295,#المراه_السعوديه_تسوق وش هالضجه ترا سواقه اللي يشوفكم يقول كان مننوع علينا الحريم تطلع من البيت 🙄👊🏻 اوفررر,Favor,Favor,Favor,Against,None,التعليق يعبر عن استياء من خروج النساء للقيادة ويصف الضجة الناتجة.,Gemma Orig: Favor | Gemma Ref: Favor | Gemma Rev: Favor | Qwen 27B: Against | Qwen 32B: None
296,#حقيقة .. اليوم أدرك كثيراً من شعبنا .. #أن قيادة المرأة لا علاقة له بسوء الأخلاق !! ٰ ٰ #المراه_السعوديه_تسوق,Favor,Favor,Favor,Favor,Favor,النص يدافع عن حق المرأة في القيادة وينفي ارتباطه بسوء الأخلاق.,Agreed
297,#قياده_المراه_للسياره_ضروره موضوع يتكرر كثير ولكن #لن_تقودي حتى لو لحستي كوعك,Against,Against,Against,Against,Against,النص يعبر عن رفض قاطع لقيادة المرأة للسيارة باستخدام لغة تحذيرية.,Agreed
298,ان كانت ام فهي مربيه وان كانت اخت فهي حنونه وان كانت زوجه فهي شريكه باختصار هي قائده لنا بكل الاحول فالسياره ليست بشئ كثير ارتقو #لن_تقودي,Favor,Favor,Favor,Favor,Against,النص يدافع عن كفاءة المرأة وقيادتها، وهاشتاغ المعارضة يُستخدم هنا بسخرية أو تناقض مع المعنى.,Gemma Orig: Favor | Gemma Ref: Favor | Gemma Rev: Favor | Qwen 27B: Favor | Qwen 32B: Against
299,#المراه_السعوديه_تقود_السياره. الـمبادي مـا تـغيّر عـلى النهج السليم و الجدل محسوم و الهرج مافيه ثْمره . الـسـواقه لـلـرجل و الـسـواقه لـلحريم و الـرجل يبقى رجل و المره تبقى مره . #سعد_المخلفي,Against,Against,Against,Against,Against,يدافع الكاتب عن الفصل بين أدوار الجنسين ويعارض قيادة المرأة للسيارة.,Agreed
300,#لن_تقودي لا اطالب بها ولكن اتمنى تهيئة وسائل مواصلات اخرى(الباص) وتنظيم عملها واوقاتها والاهتمام بها لتعويض من هي بحاجه لها.,Against,Against,Against,Against,None,الكاتبة ترفض قيادة المرأة للسيارة صراحةً وتفضل توفير بدائل نقل أخرى.,Gemma Orig: Against | Gemma Ref: Against | Gemma Rev: Against | Qwen 27B: Against | Qwen 32B: None
301,خلااص انتهى الموضوع مافيه قياده مافيه للللوش💃💃خلص القرار وانقال #لن_تقودي,Against,Against,Against,Against,Against,التغريدة تعبر عن رفض واضح لقرار القيادة باستخدام هاشتاج معارض ونبرة سلبية.,Agreed
302,اللي رجال مايخليها تسوق الا لحاجه ماسه ماتطلع تدور في الشوارع واغاني وشيلات وتصوير وتسبب زحمه للناس ترى فيه ناس عندها عمل وناس حالات طارئه بيروحون المستشفيات فكل انسان يكون حريص وبلا غباء #لن_تقودي,Against,Against,Against,Against,Against,النص يعارض القيادة بحجة التسبب في الزحام ويستخدم هاشتاغاً معارضاً صريحاً.,Agreed
303,#لن_تقودي ولو بعد 100 سنة 😂😂 #سيلفي,Against,Against,Against,Against,Against,النص يعبر عن رفض صريح ومطلق لقيادة المرأة للسيارة.,Agreed
304,بتسوق غصبا على شنيك 😂 #لن_تقودي,Against,Against,Favor,Against,Against,النص يستخدم السخرية والسب لوصف السائقة، مما يعبر عن معارضة واضحة لقيادة المرأة.,Gemma Orig: Against | Gemma Ref: Against | Gemma Rev: Favor | Qwen 27B: Against | Qwen 32B: Against
305,#لن_تقودي خلاص مستحيل يمكن حفيدتي او حفيدتها يسوقون اما جيلنا ف مستحييييل 😊✋,Against,Against,Against,Against,None,الكاتبة تعبر عن رفضها الصريح لقيادة المرأة للسيارة في جيلها الحالي.,Gemma Orig: Against | Gemma Ref: Against | Gemma Rev: Against | Qwen 27B: Against | Qwen 32B: None
306,نعيد ونكرر #لن_تقودي,Against,Against,Against,Against,Against,التغريدة تعبر عن معارضة صريحة لقيادة المرأة للسيارة.,Agreed
307,لان تقودي يا موردت الخدودي ☺️ #لن_تقودي,Against,Against,Against,Against,Against,التغريدة تعبر عن معارضة صريحة لقيادة المرأة للسيارة باستخدام نفي مباشر.,Agreed
308,اليوم ورد وبكرا التشليح . #المرأة_السعودية_تسوق,Against,Against,Against,Favor,None,الكاتبة تستخدم لغة شبابية تعبر عن الحماس والترقب الإيجابي لقرار السماح بقيادة المرأة.,Gemma Orig: Against | Gemma Ref: Against | Gemma Rev: Against | Qwen 27B: Favor | Qwen 32B: None
309,#المجتمع_مع_قياده_المراه سؤال يطرح نفسه انتم مع ولا ضد ..؟ #لن_تقودي 🙄😜,None,Against,None,Against,Against,استخدام هاشتاج معارض ورموز تعبيرية ساخرة يدل على معارضة القيادة.,Gemma Orig: None | Gemma Ref: Against | Gemma Rev: None | Qwen 27B: Against | Qwen 32B: Against
310,#الملك_ينتصر_لقياده_المراه الآن دور الشباب ينتقمو من أخواتهم لا أوصيك عزيزي الشاب قفل باب سيارة أختك بقوة خليها تنجلط 😂✋🏻,None,Against,None,Against,Favor,النص يدعو لحرمان النساء من القيادة عبر التهديد بالعنف، مما يعكس معارضة شديدة.,Gemma Orig: None | Gemma Ref: Against | Gemma Rev: None | Qwen 27B: Against | Qwen 32B: Favor
311,بمناسبة قيادة المرأه لسياره في يوم ١٠ /١٠ لوحة سيارتي للبيع ح ل و ١٠١٠ #المرأة_السعوديه_تسوق القيمه لاعلى سعر,None,None,None,None,None,التغريدة إعلان لبيع لوحة سيارة ولا تعبر عن رأي في الموضوع.,Agreed
312,#لن_تقودي مين هذا باقي صامد يكتب لن تقودي ماشاء الله ربي يقويك استمر حبيبي😂😂😂😂😂😂😂😂😂😂😂,Against,Against,Against,Against,Against,النص يدعم موقف 'لن تقودي' ويصفه بالصمود، مما يعبر عن معارضة لقيادة المرأة.,Agreed
313,#الملك_ينتصر_لقياده_المراه مناضلات سبقوا زمانهم,Favor,Favor,Favor,Favor,Favor,التغريدة تمدح الملك لدعمه القيادة وتشيد بالنساء، مما يعبر عن موقف إيجابي واضح.,Agreed
314,#لن_تقودي تخيلوا ان البنات يسوقون شوفي مين قدامنا ' مين هذيك اللي بالعرس ماسلمت علينا - اصدميها اصدميها,Against,Against,Against,Against,Against,التغريدة تعبر عن معارضة واضحة من خلال الدعوة لإصدام النساء اللواتي يقودن.,Agreed
315,يعني عادي عندهم حرمة تمشي برجولها بالشارع معرضه نفسها للخطر ! ولا يشوفونها بسيارتها أكثر آمان عليها ، بكذا وضح إن الهدف ليس خوف عليها ، إنما منعها بأي طريقة من غير مبرر #لن_تقودي,Favor,Favor,Favor,Favor,Against,الكاتب ينتقد المنع ويدعم قيادة المرأة للسيارة لاعتبارها أكثر أماناً.,Gemma Orig: Favor | Gemma Ref: Favor | Gemma Rev: Favor | Qwen 27B: Favor | Qwen 32B: Against
316,#المراه_السعوديه_تسوق هاليوم تاريخي في تاريخ السعوديه وتاريخي لما قررت اخذ صيفي بعد معارضاتي الشديده ، واسوني ي جماعه 💔💔💔💔💔💔,None,None,None,Favor,Favor,تصف الكاتبة اليوم بأنه تاريخي وتعبر عن فرحتها رغم معارضتها السابقة، مما يدل على قبولها الإيجابي.,Gemma Orig: None | Gemma Ref: None | Gemma Rev: None | Qwen 27B: Favor | Qwen 32B: Favor
317,الف الف الف مبروووك يا بنات 😍😍 ليلة تاريخية كأنها ليلة عيد 😭💓💓 #المراه_السعوديه_تسوق,Favor,Favor,Favor,Favor,Favor,التعبيرات الاحتفالية والتهنئة تدل على دعم واضح وحماس للسماح بقيادة المرأة.,Agreed
318,#لن_تقودي لن تقودي إلا في الشلال وعطالله يافيها سيارات صدام على كيفك 😆😆😆😆,Against,Against,Against,Against,Against,النص يستخدم السخرية والتهكم لوصف قيادة المرأة بأنها خطيرة وتسبب حوادث.,Agreed
319,#اليوم_السعودي_عالمي_للسواقه #المرأة_السعودية_تقود_السيارة ستقودها بحشمتها وسترها,Favor,Favor,Favor,Favor,Favor,يدعم القيادة مشروطاً بالحشمة والستر، مما يعكس موافقة على الممارسة.,Agreed
320,الحين تجيك الأسر المنتجه تبيع جنوط ههههههههههههههههههههههههههههههههههههههههههههههههههههههههههههههههههههههه 😂😂😂 #المراه_السعوديه_تسوق,None,None,None,None,None,النص يركز على مبيعات الأسر المنتجة ولا يعبر عن رأي في قيادة المرأة للسيارة.,Agreed
321,#الملك_ينتصر_لقياده_المراه احلا قرار😍😍😍 عقبال الأمور الثانيه وتنتهي عرقلة المرأه,Favor,Favor,Favor,Favor,Favor,التغريدة تهنئ الملك على القرار وتصفه بـ 'أحلى قرار'، مما يعبر عن دعم واضح.,Agreed
322,#لن_تقودي يقولك قيادة المرأة يرفضه المجتمع على اساس ان المجتمع عنده برلمان وله حق التصويت على اي قرار ليتك ساكت :),Favor,Favor,Favor,Favor,Favor,ينقد الكاتب رفض المجتمع لقيادة المرأة، مما يعبر عن تأييد واضح للحق.,Agreed
323,#سنسوق_فوق_خشومكم لن تقودي لن تقودي الا خارج هالحدودي. #لن_تقودي .,Against,Against,Against,Against,Against,الكاتبة تعبر عن معارضتها الصريحة لقيادة المرأة للسيارة من خلال نفي ذلك.,Agreed
324,#المراه_السعوديه_تقود_السياره الله لنا 😂😂,Favor,Favor,Favor,Favor,Against,استخدام تعبير 'الله لنا' يشير إلى الفرح والرضا بقرار قيادة المرأة للسيارة.,Gemma Orig: Favor | Gemma Ref: Favor | Gemma Rev: Favor | Qwen 27B: Favor | Qwen 32B: Against
325,يابنات الله يهديكم الي ماتعرف لاتسوق ماهو اجباري ترا #المراه_السعوديه_تسوق,None,None,None,Against,Against,النص يحذر النساء من القيادة ويصفها بأنها ليست إجبارية، مما يعبر عن معارضة.,Gemma Orig: None | Gemma Ref: None | Gemma Rev: None | Qwen 27B: Against | Qwen 32B: Against
326,حدث يخدم كثير من بعض النساء لقضاء مستلزماتهن اللهم اعطنا من خيرها واكفنا شرها ☘️ #المراه_السعوديه_تسوق,Favor,Favor,Favor,Favor,None,التغريدة ترحب بالحدث كخدمة للنساء وتطلب البركة، مما يعبر عن موقف إيجابي.,Gemma Orig: Favor | Gemma Ref: Favor | Gemma Rev: Favor | Qwen 27B: Favor | Qwen 32B: None
327,#لن_تقودي اصلاً ما نبي نسوق حنا ما سلمنا منكم ياعاهات وحنا نمشي كيف لو سقنا,Against,Against,Against,Against,Against,الكاتب يعبر عن معارضة صريحة لقيادة المرأة للسيارة باستخدام لغة تحقيرية.,Agreed
328,جعلونا نخاف من كل ماهو جديد .. لذلك تخلفنا وتقدموا #قياده_المرأه_السعودية,Favor,Favor,Favor,Favor,Favor,النص يربط الخوف من الجديد بالتخلف، مما يدعم فكرة السماح بالقيادة كتقدم.,Agreed
329,#المراه_السعوديه_تسوق وضعي بكرا 😂😂😂🏃🏻‍♀️🏃🏻‍♀️🏃🏻‍♀️,Favor,Favor,Favor,Favor,None,التعبير عن الحماس والاستعداد للتجربة يعكس موقفاً إيجابياً.,Gemma Orig: Favor | Gemma Ref: Favor | Gemma Rev: Favor | Qwen 27B: Favor | Qwen 32B: None
330,#لن_تقودي والحقيقة اللي معارضين الموضوع هم أول من بينفذه إذا تم مثل مانشوف إذا العائلة نصها مو سعودي اللي برا عادي يسوقون واللي داخل لا,Against,Against,Favor,None,Favor,النص يصف سلوك المعارضين دون تعبير صريح عن موقف الكاتب الشخصي من القيادة.,Gemma Orig: Against | Gemma Ref: Against | Gemma Rev: Favor | Qwen 27B: None | Qwen 32B: Favor
331,#قياده_المرأة تتوقعون قريبه ؟ أناأقول فقط مسأل ة وقت واللي يضحكون ب #لن_تقودي راح هم اللي يضحكون ع كلمتهم ذي وراح يقولواتذكرون يوم نقولها🤗,Favor,Favor,Favor,Favor,Favor,الكاتبة تتوقع حدوث القيادة قريباً وتصف المعارضين بأنهم يضحكون على أنفسهم.,Agreed
332,#المرأة_السعودية_تسوق قد أساءو للمرأة وكأنها أتت من كوكب آخر ولا يفهمو إن سواقة المرأة تم بموافقةولي أمرناحفظه الله. اليس ولاة أمرنا يهمهم المواطن ويعملوا ليل نهار على راحته. أتمنى ان نترّفه عن التعليقات الساخرة. مادام الأمر جاء من خادم الحرمين الشريفين فعلينا السمع والطاعة,Favor,Favor,Favor,Favor,Favor,يدافع الكاتب عن القرار ويبرره بمرجعية دينية وسياسية، موضحاً أنه صدر بموافقة ولي الأمر.,Agreed
333,#لن_تقودي بالرغم أنني ضدها ولكن لكل أب وأخ وزوج امرأه اشبع حاجتها وقم بخدمتها كي تشبع ولا تتجه لها رغبه نحو القياده كن لها عونا لتبقى ملكه👑,Against,Against,Against,Against,Against,الكاتب يعلن صراحة معارضته لقيادة المرأة للسيارة.,Agreed
334,هدد كسر حطم دمر والعب على أعصابك ثور وحول نفسك جهنم 😆😆😆😆💃🏾💃🏾💃🏾💃🏾💃🏾💃🏾💃🏾💃🏾💃🏾 #لن_تقودي,Against,Against,Against,Against,Against,النص يستخدم لغة عدائية ووصفية سلبية لمعارضة فكرة قيادة المرأة للسيارة.,Agreed
335,#المراه_السعوديه_تسوق ألف مبروك للمرأة السعودية 👏👏👏🇸🇦,Favor,Favor,Favor,Favor,Favor,التعبير عن التهنئة والفرح بوضوح باستخدام ألف مبروك والرموز الإيجابية.,Agreed
336,مبروك للمرأة السعودية السماح لها بقيادة السيارة، وعقبال حريّة لباسها، وعقبال تحرّر المرأة الإيرانية من الحجاب، وفي كل مناسبة، عقبالنا كلبنانيات تحرّرنا من قوانين الأحوال الشخصية المتخلّفة وسطوة رجال الدين #المرأة_السعوديه_تسوق,Favor,Favor,Favor,Favor,Favor,التعبير عن التهنئة والسعادة بالسماح للمرأة بالقيادة يدعم الموضوع بوضوح.,Agreed
337,ضد قيادة المراة لانه بيسبب زحمة فوق الزحمة الحين #لن_تقودي #قياده_المراه_فساد_للمجتمع,Against,Against,Against,Against,Against,الكاتب يعارض صراحة قائلاً إنها تسبب زحمة ويستخدم هاشتاقات معارضة.,Agreed
338,#لن_تقودي حسيت اني لازم اتفاعل مع الهشتاق عشان سواقي حيسافر من جد حاسه بضياع #قيادة_المرأة_للسيارة,Favor,Against,Favor,Favor,None,الكاتبة تعبر عن شعورها بالضياع لكونها لا تقود، مما يدل على تأييدها لحق المرأة في القيادة.,Gemma Orig: Favor | Gemma Ref: Against | Gemma Rev: Favor | Qwen 27B: Favor | Qwen 32B: None
339,تقرير احدى القنوات الهندية media one TV لتغطية رويترز معي عن التحديات التي تواجه المرأة السعودية في القيادة و مدى حاجتها بالاضافة الى معايير اختيار المرأة السعودية السيارة . وصلت للتلفزيون الهندي👳🏿‍♀️.. تخيلت كل السواقين اللي سفرتهم يتابعوني 😫💔 #قيادة_المرأة_السعودية,None,None,Favor,Favor,None,الكاتبة تشارك تجربتها الإيجابية في القيادة وتغطية إعلامية لها، مما يعكس دعمًا للموضوع.,Gemma Orig: None | Gemma Ref: None | Gemma Rev: Favor | Qwen 27B: Favor | Qwen 32B: None
340,جعلهم مايسقون المراه بيتها ابرك لها من الاهانه بالشوارع🤔 #لن_تقودي,Against,Against,Against,Against,Against,الكاتبة تعبر عن تفضيل بقاء المرأة في المنزل وتصف القيادة بالإهانة.,Agreed
341,#لن_تقودي فعلا لن اقود تدرون ليش لان محدثتكم ما تعرف تفتح قفل السياره 😂😂😂🙄🙄,None,None,None,Against,None,الكاتبة تعبر عن رفضها الصريح لقيادة المرأة للسيارة باستخدام السخرية.,Gemma Orig: None | Gemma Ref: None | Gemma Rev: None | Qwen 27B: Against | Qwen 32B: None
342,احتاج للسياقة نعم مع مراعاة حدود ديني وحجابي والوقت الآمن اللي مسموح اني اطلع فيه مافيها شي. لكن اطلع بأنصاف الليالي واسافر من بلد لبلد من غير محرم عفوا لاضرورة شرعية تبيحه ولا عادات وتقاليد اصيلة ولا حتى محارم يرضونها لنا🤚 #المراه_السعوديه_تسوق,Favor,Favor,Favor,Against,Against,تعارض السفر بلا محرم رغم دعمها السياقة ضمن الحدود الشرعية.,Gemma Orig: Favor | Gemma Ref: Favor | Gemma Rev: Favor | Qwen 27B: Against | Qwen 32B: Against
343,#المراه_السعوديه_تسوق عسي ماهو عفيه,Against,Against,Against,Favor,None,الكاتبة تعبر عن حماسها ودعمها لقرار قيادة المرأة للسيارة.,Gemma Orig: Against | Gemma Ref: Against | Gemma Rev: Against | Qwen 27B: Favor | Qwen 32B: None
344,#المراه_السعوديه_تسوق ألف مبروووك حبيباتي السعوديات 💕💕💕,Favor,Favor,Favor,Favor,None,التعبير عن التهنئة والفرح بوضوح من خلال ألف مبروك والقلوب.,Gemma Orig: Favor | Gemma Ref: Favor | Gemma Rev: Favor | Qwen 27B: Favor | Qwen 32B: None
345,#سايق_يعتدي_على_امراه_بالدمام حدوث حالة اعتداء واحدة كفيلة بأن تغير قانون لو كان في بلد غير بلد #لن_تقودي,Against,Against,Favor,Against,Against,الكاتب يستخدم حادثة اعتداء كحجة لرفض قانون القيادة، مما يعبر عن معارضته.,Gemma Orig: Against | Gemma Ref: Against | Gemma Rev: Favor | Qwen 27B: Against | Qwen 32B: Against
346,#لن_تقودي والنهاية يعني من قالكم اكبر همنا السيارات والقيادة .. احنا نحتاج مترو او باصات تساعدنا او تسهل علينا المشاوير من دون سواق وتكاليف,Against,Against,Against,None,Against,النص يركز على الحاجة لوسائل نقل عام وليس رفضاً لقيادة المرأة للسيارة.,Gemma Orig: Against | Gemma Ref: Against | Gemma Rev: Against | Qwen 27B: None | Qwen 32B: Against
347,#المراه_السعوديه_تقود_السياره يامن وحدتن بتعجب فيه 😷😂🏃🏻,Favor,Favor,Favor,Favor,Against,التغريد تعبر عن دهشة إيجابية وسرور بقرار قيادة المرأة للسيارة.,Gemma Orig: Favor | Gemma Ref: Favor | Gemma Rev: Favor | Qwen 27B: Favor | Qwen 32B: Against
348,#قياده_المراه_قادمه راح نشوف شروط جديدة في عقود الزواج مثل نوع السيارة وقبله موقف الزوج من سياقة زوجتة 🤔🙄 #السماح_بقيادة_المرأة #السعودي,None,None,None,None,Against,التغريدة تتحدث عن تأثيرات محتملة على عقود الزواج ولا تعبر عن موقف صريح من القيادة نفسها.,Gemma Orig: None | Gemma Ref: None | Gemma Rev: None | Qwen 27B: None | Qwen 32B: Against
349,#المراه_السعوديه_تسوق من اولها تبي تفضي الشارع😕,Against,Against,Against,Against,Against,النص يعبر عن معارضة واضحة لقيادة المرأة للسيارة بحجة أنها ستفوض الشارع.,Agreed
350,#لن_تقودي قودي المكنسه في السفارات الغربيه ياحقوقيه 😂😂😂,Against,Against,Against,Against,Against,يستخدم السخرية والهجوم على المدافعين عن الحق، مما يعبر عن معارضة واضحة.,Agreed
351,#لن_تقودي ياليت ننهض بالعلم والاقتصاد ونترك السواقه والسينما,Against,Against,Against,Against,Against,الكاتبة تعارض القيادة، مقترحةً تركها والتركيز على العلم والاقتصاد بدلاً منها.,Agreed
