row_index,tweet_id,tweet_text,target,Gemma_Prediction,Luna_Prediction,Sol_Prediction,Agreement_Level,All_Agree,Gemma_Luna_Agree,Gemma_Sol_Agree,Luna_Sol_Agree
0,723609924542992384,لازم ندزلكم من عندنا كويتيه منقبه سيارتها كورلا وتكون عينه تجريبيه واذا اقتنعتوا راح اشيل شاربي بقزازه #قيادة_المرأة_السعودية,Women Driving,Favor,Favor,Favor,All Agree,True,True,True,True
1,1010671927101403136,#المراه_السعوديه_تسوق بصصصصصصيح ابغا أسوِّق خخخخخخخخخخييييييععععععر؟,Women Driving,Against,Favor,Favor,Majority Agree (2/3),False,False,False,True
2,1010671461193920513,#المراه_السعوديه_تسوق الناس تتلفت بكل اشاره😂,Women Driving,Favor,None,None,Majority Agree (2/3),False,False,False,True
3,1010673465102426112,ما محظوظ الا عادل الجبير! من يوم غد اصبح بامكانه قيادة السيارة *_^ #المراه_السعوديه_تسوق,Women Driving,Against,None,None,Majority Agree (2/3),False,False,False,True
4,1010673828907966466,#لن_تقودي لن تقود أمي لن تقود أختي لن تقود قريبتي أنا سأخدمهم بنفسي وبكل ما يطلبون . ولن أتزوج فتاة تقود السيارة أو تشترط ذلك,Women Driving,Against,Against,Against,All Agree,True,True,True,True
5,724865105054277635,ليش #لن_تقودي ماعم افهم من حقا تقود مو سيارة لازم تقود بلاد اكبر مثال #زنوبيا,Women Driving,Favor,Favor,Favor,All Agree,True,True,True,True
6,724742191847989248,#لن_تقودي. ان شاء الله نقود حالنا حال شعوب العالم واكيد راح يكون فيه شروط مو عبث وانتو تعودتو الشارع لكم ليه لازم نشارككم ☺️☺️🌹,Women Driving,Against,Favor,Favor,Majority Agree (2/3),False,False,False,True
7,796257893901357056,#لن_تقودي نقود او لا وشدخلكم ياخي قاعدين على قلوبكم؟🙃,Women Driving,Favor,Favor,Favor,All Agree,True,True,True,True
8,1010671899326779393,وسقتي وبعدين يعني ؟؟ بتدخلين الجنه مثلاً ؟ وبعدين وش هالسواقه الي آخر الليل ..! الله يستر على المسلمات العفيفات .. #المراه_السعوديه_تسوق,Women Driving,Against,Against,Against,All Agree,True,True,True,True
9,1010669204679397379,#المراه_السعوديه_تسوق قيادة المرأة للسيارة تمكنها من إغاثة نفسها وقضاء أمورها العاجلة دون انتظار وصول الآخرين لها، أو الاضطرار للركوب مع سائق غريب عنها. يتبع,Women Driving,Favor,Favor,Favor,All Agree,True,True,True,True
10,756757170524487680,غير صحيح أن #قياده_المراه_للسياره_ضروره هذي وسيلة وليست ضروره فيه أهم منها قضايا المعنفات والمطلقات والأرامل والخريجات والمغتربات #لن_تقودي,Women Driving,Against,Against,Against,All Agree,True,True,True,True
11,889004191447998464,#معانات_بنات_الارطاويه_والقري ان شاء الله سيتم حل مشكلتكم بالطرق الصحيحه . . . . . . لكن بقولكم سر #لن_تقودي,Women Driving,Against,Against,Against,All Agree,True,True,True,True
12,724699847438307328,حنا مانبي نسوق اذا حليييتو المشااكل اللي تمر فيها المرأة ذيك اللحين طالبو بالسواقه #لن_تقودي,Women Driving,Against,Against,Against,All Agree,True,True,True,True
13,1010668916291629056,#المراه_السعوديه_تسوق الله يجعلها بداية خير للمرأه السعوديه.. وتكون فايده لها اكثر من ضررها الحمد لله على تطور المملكه لما فيها خير للبلاد والعباد اسأل الله ان يكفينا شر الفتن ما ظهر منها وما بطن 🌹,Women Driving,Favor,Favor,Favor,All Agree,True,True,True,True
14,740746534434787328,شكل اللي سوت هـ الهشتاق تحلم كثيررر .. #سنسوق_فوق_خشومكم #لن_تقودي,Women Driving,Against,Favor,Against,Majority Agree (2/3),False,False,True,False
15,796266614660415488,#لن_تقودي باختصار😄😜😎,Women Driving,Against,Against,None,Majority Agree (2/3),False,True,False,False
16,724709545373736962,نقول كلمة العقل الله لايبدل النعمة اللي احنا فيها مايحتاج نسوق فيه من يسوق ويخدمنا #لن_تقودي,Women Driving,Against,Against,Against,All Agree,True,True,True,True
17,796273495952986112,#لن_تقودي م راح نقود 😂 بس عند الضروره اسفه لازم اقود غصبن عنك ي ورع,Women Driving,Favor,Favor,Favor,All Agree,True,True,True,True
18,1010669140812673024,متى نروح البحرين ؟ #قيادة_المراة_السعوديه,Women Driving,Favor,Favor,Favor,All Agree,True,True,True,True
19,1010672420473200641,الامن يوزع الورود للسيدات خلال بداية قيادتهم السيارة في السعودية . . #المرأة_السعودية_تسوق #SaudiWomenDriving,Women Driving,Favor,None,Favor,Majority Agree (2/3),False,False,True,False
20,724875731340267520,#لن_تقودي ريم ممكن تسلفيني سيارتك بروح فيها زواج بنت عمي ليه وش فيها سيارتك رحت فيها زواج بنت خالتي قبل شهرين قد شافوها.,Women Driving,Against,Against,Against,All Agree,True,True,True,True
21,724752275533524992,#لن_تقودي مرأة جزء لا يتجزء من مجتمع و لها حقوق و واجبات حالها حال اي بشر! ماكو اي مشكلة و بنسبة للمضايقات فهي دليل على انعدام الوعي حضاري,Women Driving,Favor,Favor,Favor,All Agree,True,True,True,True
22,724696085449584641,#لن_تقودي الحمدلله مافيه قياده والا كان يجونك نوعية اللي [ تدرين من وين شريت سيارتي ؟ من امريكا تلبيه ، بمليون وشوي] 🚶🏿,Women Driving,Against,Against,Against,All Agree,True,True,True,True
23,1011028753332559872,#المراه_السعوديه_تسوق عاد الحين بعض البنات تبي سيارة لون وردي والثانيه تبي لون بنفسجي ماكو ابيض واسود بس لا تشغلين العالم اللي عندج ؟؟ اوكى كذا مره !! .,Women Driving,None,Against,None,Majority Agree (2/3),False,False,True,False
24,724703449061961728,إذا كانت صلاة المرأه في بيتها أفضل من المسجد فكيف بإخراجها لوحدها بسيارتها #لن_تقودي,Women Driving,Against,Against,Against,All Agree,True,True,True,True
25,1010671598922354696,شعور جميييييل لايوصف بصراحه. 😍 #المراه_السعوديه_تسوق,Women Driving,Favor,Favor,Favor,All Agree,True,True,True,True
26,1005771035222921216,واخيراً استلمت رخصتي السعودية 😎🇸🇦 الحمدلله🙏🏻 يوم تاريخي بكل المقاييس 😍 #قيادة_المرأة_للسيارة #قياده_المرأه_السعودية #١٠/١٠,Women Driving,Favor,Favor,Favor,All Agree,True,True,True,True
27,724704518819209217,الله يكفينا شركن #لن_تقودي,Women Driving,Against,Against,Against,All Agree,True,True,True,True
28,1010999904662114304,ذحين لو رجعت وسقت السيارة حيدوني ورد وتصوير وفلاشات ولا حكمل على الفلاشات بس ؟ #المرأة_السعودية_تقود_السيارة,Women Driving,None,None,None,All Agree,True,True,True,True
29,729561840297123841,#لن_تقودي سوف تقود سوف تقود غصباً عنكم سوف تقود,Women Driving,Favor,Favor,Favor,All Agree,True,True,True,True
30,724699724427759618,#لن_تقودي صدقوني ال سعود ماعندهم مشكله لانهم واعيين بس البلا في الشعب متخلف والحكومه مابتفرض على الشعب شي كاره مثل ماقال محمد بن سلمان,Women Driving,Against,Favor,Favor,Majority Agree (2/3),False,False,False,True
31,796282494345707520,#لن_تقودي ع اساس ميتين ع سواقه مانبي نسوق😝,Women Driving,Against,Against,Against,All Agree,True,True,True,True
32,733109628486176768,#سأقود #لن_تقودي نحتاج أرشيف لحفظ التعليقات هنا للمستقبل لضحك على تفكير بعض أفراد مجتمعنا في التحريم والتنكير والتعجب #قيادة_المرأة_للسيارة,Women Driving,Favor,Favor,Favor,All Agree,True,True,True,True
33,1010673253235548164,#المراه_السعوديه_تسوق يالليل الحين الاسر المنتجه يبيعون جنوط 🤦🏻‍♂️,Women Driving,Against,Against,None,Majority Agree (2/3),False,True,False,False
34,796276878034272256,#لن_تقودي ، طموحنا اكبر من قيادة مركبه تجلب لنا المشاكل والإرهاق طموحنا نقود افكارنا للقمه وللنجاح ونحقق الاحلام ...✨,Women Driving,Against,Against,Against,All Agree,True,True,True,True
35,729598627979644928,#لن_تقودي لن تقودي لن تقودي واحفظي ارقام الهنودي,Women Driving,Against,Against,Against,All Agree,True,True,True,True
36,1010670666977284097,البنات السعوديات انتي ملكه وتضلين ملكه غصبن عليهم... حقدو عليك لانك ماتسوقين. لانك ملكه يخدمك ابوك اخوك زوجك ولدك تتركين العز مكرمه عفيفه محافضه ... والاختيار لك #لن_تقودي,Women Driving,Against,Against,Against,All Agree,True,True,True,True
37,1010998585461223429,كأني اشاهد سيناريو التغطيه الاعلاميه لموضوع السماح بدخول العائلات للملاعب يحدث الان ويتكرر في موضوع السماح بقيادة المرأه للسياره .. تضخيم اعلامي في البدايه ثم بعدها تأتي مسأله قناعة المجتمع وقبوله للفكره من عدمها .. #الرياض_الان #المراه_السعوديه_تسوق,Women Driving,None,None,None,All Agree,True,True,True,True
38,1010669235801075712,#لن_تقودي راعي الهاشتاق تعال اتوطاك بسيارتي,Women Driving,Favor,Favor,Favor,All Agree,True,True,True,True
39,756872463275950080,#لن_تقودي لن نرضى ولن تقودي الا اذا كنتِ تحلمين فمجرد صحيانك تعود حليمه لعادتها القديمه 😂,Women Driving,Against,Against,Against,All Agree,True,True,True,True
40,1009682479563853824,#قيادة_المرأه_السعوديه اخشى مااخشاه ان تزيد هذه الخطوه من نسبة العنوسه في مجتمعاتنا المحافظه والتي لن تتقبل هذا الوضع على الاقل لسنوات عديده واعتقد النسبه طاغيه بدون قياده والله يرحم الحال,Women Driving,Against,Against,Against,All Agree,True,True,True,True
41,992585274210254848,دام هذي اولتها ، ياساتر عن ااااخرتها ، عزيز السائق عندما تعبر الطريق ارجوا منك الحيطه والحذر عند عبورك للخط بعدم وجود سائقه ، وشكرا 🤣💨🏃🏻‍♂️ #قياده_المرأه_السعودية #نجران_الان,Women Driving,Against,Against,Against,All Agree,True,True,True,True
42,912828716165877761,#الملك_ينتصر_لقيادة_المرأة تحية عظيمة لنساء ٦ نوفمبر ١٩٩٠ تحققت أحلامكن جميعاً بعد ٢٧ سنة .. فعلاً الأحلام تؤجل ولكنها لاتموت..💚🇸🇦,Women Driving,Favor,Favor,Favor,All Agree,True,True,True,True
43,724716828182888449,#لن_تقودي شكل الي مسوي التاق صاحب تكسي خايف يقعد ع الصفر !! 🚕,Women Driving,Favor,Favor,Favor,All Agree,True,True,True,True
44,796259033636282368,زين الله يبشركم بالخير #لن_تقودي,Women Driving,Against,Against,Against,All Agree,True,True,True,True
45,724695690568470528,#لن_تقودي واللهي مادري وش اقول واللي معارض وصار القرار اول من يشتري سياره ل اهله هو 🙄💔.,Women Driving,Favor,Favor,Favor,All Agree,True,True,True,True
46,842226680596951040,#لن_تقودي افهمي,Women Driving,Against,Against,Against,All Agree,True,True,True,True
47,811434007212724225,حرام حرام طيب ليش ما نسوق بالله كيف انا اروح السوق 🎶 #لن_تقودي,Women Driving,Against,Favor,Favor,Majority Agree (2/3),False,False,False,True
48,838438546667094018,صدقيني ياعزيزتي المرأه ياتاج راسي #لن_تقودي ولن تقودي وسرددين شيلة لن تقودي لن تقودي ستبقين ام الاجيال وجميع وسائل النقل ستخدمك معززه مكرمه😉,Women Driving,Against,Against,Against,All Agree,True,True,True,True
49,724709650453671938,مو ب الاسلوب هذا #لن_تقودي الا بتقود ( لا حجت البقره علئ قرن واحد ) 🌚🚶,Women Driving,Against,Favor,Against,Majority Agree (2/3),False,False,True,False
50,724704968129822721,قادوكم لنا الله الموقده #لن_تقودي,Women Driving,Against,Against,Against,All Agree,True,True,True,True
51,729646283783319553,ليش السواقه بتجيب فتنه!!يعني الحين مافيه فتن بالمجمعات والاسواق!اغلب النساء مع السائق بدون محرم!اين انتم عن هذا الموضوع!! #لن_تقودي,Women Driving,Favor,Favor,Favor,All Agree,True,True,True,True
52,912828919044243456,#الملك_ينتصر_لقياده_المراه عزيزتي البنت اذا انتي موفر لك سواق وتروحي وتجي وقت ما تبغي وعلى كيفك ترا في بنات ما عندهم سواق وما يخرجو,Women Driving,Against,Favor,Favor,Majority Agree (2/3),False,False,False,True
53,757650195857412096,. ترا انا قاعد اقود سيارتي وانتي #لن_تقودي 🚬,Women Driving,Against,Against,Against,All Agree,True,True,True,True
54,729582324359303168,#لن_تقودي - وحده تقول قلت لجدتي تهقين ياجده بيوافقون لنا بالسواقه 🚙 ؟؟ قالت جعلهم يوافقون عيالنا راحوا بالحوادث وانتن وش كثركن ☹ ..,Women Driving,Against,Against,Against,All Agree,True,True,True,True
55,724738120349003776,#لن_تقودي ان شاء الله لن تقودي,Women Driving,Against,Against,Against,All Agree,True,True,True,True
56,1010669479645335553,المرأة تقود منذ القدم ، فقد قادت وهي أم قادت وهي زوجة قادت وهي طبيبة قادت وهي معلمة ومربية لأجيال ، فلاعجب أن تقود سيارة لضرورة سوغت لها اتقان هذه المهارة كغيرها من المهارات ومن لم تتقن قيادة السيارة حتما لن ترم بنفسها للهلاك #المرأة_السعودية_تسوق,Women Driving,Favor,Favor,Favor,All Agree,True,True,True,True
57,861206783850950656,"#طالبتان_من_حايل_تنقذان_سايق يبدو والله العالم ان ذلك مسرحية من الليبراليون للمطالبة للسماح للمرأة للقيادة, اتركوا عنكم الأفلام. #لن_تقودي",Women Driving,Against,Against,Against,All Agree,True,True,True,True
58,1010670580713050112,#لن_تقودي رغم اني م راح اسوق بس مبسوطه ع القرار 🙃,Women Driving,Favor,Favor,Favor,All Agree,True,True,True,True
59,1010671899582566400,#المراه_السعوديه_تسوق معليشش تحمستت ،ماضاع مفتاح سيارت ابوي الا الليوم😭😭😭,Women Driving,Favor,Favor,Favor,All Agree,True,True,True,True
60,869764039550881792,#لن_تقودي لالالا #لن_تقودي,Women Driving,Against,Against,Against,All Agree,True,True,True,True
61,1011000262281060354,#المراه_السعوديه_تقود_السياره ليست من اكبر اهتماماتنا... باب فتنة وشر . فتح ؟؟ مثل ابواب الشر الاخرى .,Women Driving,Against,Against,Against,All Agree,True,True,True,True
62,1008581479914491904,"#كل_يوم_معلومة #قياده_المرأه_السعودية عزيزتي صاحبة المركبة ✋️ هذه علامة ""امامك مطبات اصطناعية"" وليس كما تعتقدين : ""امامك حريم يصلّون 😔💔",Women Driving,Against,Against,Against,All Agree,True,True,True,True
63,1011362238492536832,#المراه_السعوديه_تسوق الشي الوحيد اللي باقي لنا يالشباب الذكور هو قسم البخاري في مطعم لؤلؤة الحمراء. ألذ بخاري بالرياض 🤣,Women Driving,Against,Favor,None,No Agreement,False,False,False,False
64,1011016989517770758,هل من المعقول انا كنّا نثق بسائق وهل معقول ان الأجنبي عنده مرؤة وشهامة ونخوة اكثر من الشاب العربي السعودي .. من الذي صور لنا ان شباب الوطن قطيع من الوحوش . #قيادة_المرأة_السعودية,Women Driving,Favor,Favor,Favor,All Agree,True,True,True,True
65,729584248378818560,#لن_تقودي ليه أقود عندي سواق انا اميره 🙊،,Women Driving,Against,None,None,Majority Agree (2/3),False,False,False,True
66,1010672977430679556,والله وساقت 🤔 الله يكتب لنا الخيره في قيادتها 😂 ويكفينا شرهاز #المراه_السعوديه_تسوق,Women Driving,Favor,Against,Against,Majority Agree (2/3),False,False,False,True
67,724802297667137536,#لن_تقودي يُسقط الله عن المرأه ' وجوب صلاة الجماعة وأنتم تخرجونها لتقود السيارة. الشيخ ابن غديان رحمه الله,Women Driving,Against,Against,Against,All Agree,True,True,True,True
68,1010671877508026368,#المراه_السعوديه_تسوق الوضع مره أوفر بخصوص السواقه خلاص ياهمج اثقلوا,Women Driving,Favor,Favor,None,Majority Agree (2/3),False,True,False,False
69,721431878830567424,#السماح_للمراه_بقياده_الدراجه لن تقودي #لن_تقودي لن تقوووووووووووووووووووووووودي,Women Driving,Against,Against,Against,All Agree,True,True,True,True
70,1011379876501377024,#المراه_السعوديه_تقود_السياره #ياسر_التويجري قد قالها قبل القرار نتضر كلامه صحيح او لا انشاءالله يكون كلامه غلط,Women Driving,Against,Against,None,Majority Agree (2/3),False,True,False,False
71,721949761977335808,الغرب يناقشون في امور مهمه ومتقدمين عننا سنوات ضوئيه واحنا نناقش تفاهات من الأخير #لن_تقودي #الشوري_يناقش_قياده_المراه,Women Driving,Against,Against,Against,All Agree,True,True,True,True
72,724699656362582016,#لن_تقودي انا من شفت المواقف عند كليتنا اكثر من مواقف كلية العيال صدقوني بنسوق بنسوق🗿💔,Women Driving,Favor,Favor,Favor,All Agree,True,True,True,True
73,1010671763615870979,#قياده_المرأه_السعودية الله يحفظهن ويستر عليهن ويبعد عنهن الشر,Women Driving,Favor,Favor,Favor,All Agree,True,True,True,True
74,1011291178891972608,#المراه_السعوديه_تقود_السياره سمحوا لكم بالقياده موو برمي الحجاب والاستعراض بالشعر والمكياج فشلتوتا عادي تسوقين وانتي محجبه,Women Driving,Against,Favor,Favor,Majority Agree (2/3),False,False,False,True
75,1010673577992118273,يا امه ضحكت من جهلها الامم #المراه_السعوديه_تسوق URL,Women Driving,Against,Against,Against,All Agree,True,True,True,True
76,1010673441845006342,#قياده_المراه_السعوديه اكثر وحده كنت مبسوطه يوم صار خنقتني العبره💔💔💔,Women Driving,Favor,Favor,Favor,All Agree,True,True,True,True
77,724714738966470656,حين تعطل السياره او بنشر التاير، لن تستطيع ان تتصرف ، حينها ستكون معرضه للخطر والتحرشات من بعض الشباب #لن_تقودي,Women Driving,Against,Against,Against,All Agree,True,True,True,True
78,724719519411896320,الحمد الله اننا لان نسوق #لن_تقودي,Women Driving,Against,Against,Against,All Agree,True,True,True,True
79,1010670152273268739,#المراه_السعوديه_تسوق زمان بروح اقهوي فلانة ولدت الحين بروح اقهوي فلانة صدمت,Women Driving,Against,Against,Against,All Agree,True,True,True,True
80,724714504299401217,الذين ينادون بحرية المرأة لا يريدون حريتها بل يريدون حرية الوصول إليها الأمير نايف رحمك الله #لن_تقودي,Women Driving,Against,Against,Against,All Agree,True,True,True,True
81,998321652776800256,أول خطوات الإختبارات لنيل الرخصة السعودية تجاوزتها .. عقبال باقي الخطوات و نيل الرخصة 🙏🏻🙏🏻🙏🏻 #قياده_المرأه_السعودية,Women Driving,Favor,Favor,Favor,All Agree,True,True,True,True
82,1010669939664048131,#المراه_السعوديه_تسوق .. توكم تسوقون .. تو الناس 😂😂😂,Women Driving,Against,Favor,None,No Agreement,False,False,False,False
83,1010670332825530368,تحية من المكسيك في شوارع جدة 💜 #المرأة_السعودية_تسوق,Women Driving,Favor,Favor,Favor,All Agree,True,True,True,True
84,724705780658782208,#لن_تقودي قيادة المرأة جايه بإذن الله لكن مو بهالوقت يعني اللي يصير الحين من كلام الشعب آراء وليست فرض,Women Driving,Against,Favor,Against,Majority Agree (2/3),False,False,True,False
85,1009201699456774145,مساء الفل .. خمس ايام وتعبين فل #قيادة_المراه_للسيارة #قياده_المرأه_السعودية,Women Driving,Favor,Favor,Favor,All Agree,True,True,True,True
86,997821760618811393,اليوم تغسلين المواعين شهر ١٠ تغسلين سيارتك 😆😆😆 😜 #رمضان_كريم #قيادة_المرأة_للسيارة😅 #قياده_المرأه_السعودية,Women Driving,Against,Favor,Favor,Majority Agree (2/3),False,False,False,True
87,912828569851695104,#الملك_ينتصر_لقياده_المراه الله الحافظ وضع الاسعاف بعد القشعه بعيد الشر من بيشيل فطيم وهي مرميه ع الرصيف لابد من وضع مسعفات للنساء🤣,Women Driving,Against,Favor,Against,Majority Agree (2/3),False,False,True,False
88,1010670861127385089,#المراه_السعوديه_تسوق سعيدة أني عاصرت لحظات وأعوام حافله بالأمجاد 💚🇸🇦 بنات الخبر الغاليه 🕊,Women Driving,Favor,Favor,Favor,All Agree,True,True,True,True
89,739865599891890176,#لن_تقودي حتى المستقبل,Women Driving,Against,Against,Against,All Agree,True,True,True,True
90,1010670800955944960,الي ماهي ناوية تسوق سيارة تجي تختار دراجة 😁🚴🏻‍♀️✌🏽 #المراه_السعوديه_تسوق,Women Driving,Favor,Favor,Favor,All Agree,True,True,True,True
91,724868370810724352,تم الحكم على أساتذة وشيوخ ومتعلمي ودكاترة وأطباء رجال المملكة أن يستمروا على وظيفة سواق #لن_تقودي,Women Driving,Against,Favor,Favor,Majority Agree (2/3),False,False,False,True
92,1010673058204606470,#قياده_المراه_السعوديه من سوء حظكم اني مو بالسعودية ولا كان وريتكم المهارات 😎,Women Driving,Favor,Favor,Favor,All Agree,True,True,True,True
93,1010670297756979200,#لن_تقودي لن تقودي هاااه يلاه سمعونااا صياااحكم 😂,Women Driving,Favor,Favor,Favor,All Agree,True,True,True,True
94,729581968791326720,#لن_تقودي خلاص ندري اننا ما بنسوق اصلاً 🙂✋🏾.,Women Driving,Against,Against,None,Majority Agree (2/3),False,True,False,False
95,1010671296487809029,#المراه_السعوديه_تسوق ياامةً ضحكت من جهلها الامم كل الفرحه ع شان المرأة تسوق السياره طيب المرأة نجحت كأم ونجحت كزوجه ونجحت مخترعه وطبيبه كاتبه ومؤلفه وووو .. وقفت على القياده وكأن الامر فيه حل للفقر والوظائف والفساد والسعوده الحقيقيه اااااااخ منكم يابتووع ..,Women Driving,Against,Against,None,Majority Agree (2/3),False,True,False,False
96,1011035746361335809,#قيادة_المرأة_السعودية نسبة وفيات حوادث المرور سترتفع الله يحمي الجميع . إلا كم واحد ...,Women Driving,Against,Against,Against,All Agree,True,True,True,True
97,1010668370134552576,فرحة اللحظات الأولى بعد دخول قرار قيادة المرأة للسيارات حيز التنفيذ #قودي_كزهرة #المرأة_السعوديه_تسوق,Women Driving,Favor,Favor,Favor,All Agree,True,True,True,True
98,1011329651233443840,#المرأه_السعوديه_تقود 😳👞 واحد يقول زوجتى أشترت لى جزمة ماركة و عجبتني قلتلها ذوقك حلو قالت لي أنا أصلاً من زمان أعرف أختار الجزم يقول من أمس مانمت من القهر حاس إنها تقصدني صايرين حساسين بعد سواقة الحريم الله يهديهم😎 😂 😂😂😂,Women Driving,Against,Favor,Favor,Majority Agree (2/3),False,False,False,True
99,1010673328607191043,#المراه_السعوديه_تسوق يوم تاريخي مبروك للجميع و العُقبى لنا ان شاء الله 🚘🤞,Women Driving,Favor,Favor,Favor,All Agree,True,True,True,True
100,766551926704005120,انا مابي المراءه تسوق لان انا م اعرف اسوق ي بنات 💔#لن_تقودي,Women Driving,Against,Against,Against,All Agree,True,True,True,True
101,729613664865681408,#لن_تقودي. طيب لن اقود الله يخلي الخروف يقودددددددد وانا ملكه 👍🏻👍🏻💃😉,Women Driving,Favor,Against,Against,Majority Agree (2/3),False,False,False,True
102,1003748830335111169,مبروك للخليج كله السماح ل ٤٠٪ من سكانه بقيادة السيارة #قياده_المرأه_السعودية,Women Driving,Favor,Favor,Favor,All Agree,True,True,True,True
103,724745021484896256,#لن_تقودي سايقين وسايقين وسايقين من فوق خشومكم 🔪 خلونا نعطي أنفسنا شوية امل بالأول لن يتزوجكي والحين لن تقودي 🔪🔪,Women Driving,Against,Favor,Favor,Majority Agree (2/3),False,False,False,True
104,796278067060736000,ماررررح تسوقي آبدا شيلي ذا شيء من راسكك ✋✋فزعتكم لرايد✋✋ ماتقدر آجل آنشرهاا ﻵنه مابقى شيء #لن_تقودي,Women Driving,Against,Against,Against,All Agree,True,True,True,True
105,1011290461623988229,#قياده_المرأه_السعودية ليش الحدث ماخذ اكبر من حجمه.. إعلام غبي يضحك على نفسة ماشفنا بنت تسوق الا اللي خلف الكميرات .,Women Driving,Against,Against,None,Majority Agree (2/3),False,True,False,False
106,724745754099724289,#لن_تقودي المشكله في خرفان موافقين هذولي مو موافقين عشان مصلحت الحريم هذا يبي سولة الوصول الا المرأه,Women Driving,Against,Against,Against,All Agree,True,True,True,True
107,1010670301116542976,متحمسه لشعور اول مشوار اسوق فيه 😍😍😍😍😍😍😍 #المراه_السعوديه_تسوق,Women Driving,Favor,Favor,Favor,All Agree,True,True,True,True
108,1010672056172728320,#المرأة_السعودية_تسوق حق مكتسب مالها داعي الأوفر هذا كله,Women Driving,Favor,Favor,Favor,All Agree,True,True,True,True
109,1011019414777548800,تعديل نقابك سبب اتقلابك #المرأة_السعودية_تسوق,Women Driving,Against,Against,Against,All Agree,True,True,True,True
110,992915300399149056,😂😂😂😂😂😂 يوه ماصدق #لن_تقودي,Women Driving,Against,Favor,None,No Agreement,False,False,False,False
111,1010670526128324608,ههههههه والله ونعم كمان رابح صقر #المرأة_السعودية_تسوق URL,Women Driving,None,None,None,All Agree,True,True,True,True
112,1011014902662811649,بكل بساطة أقول المرأة السعودية كانت ملكة لأن الكل كان يخدمها واليوم تخلت عن تاج الملكة و ستبدأ بتقديم خدماتها للكل #المراه_السعوديه_تقود_السياره,Women Driving,Against,Against,Against,All Agree,True,True,True,True
113,1010669133913034752,#المراه_السعوديه_تسوق قد تطرأ على الأسر بعض الظروف الصعبة التي تحتاج فيها المرأة لقيادة السيارة والتصرف السريع، لاسيما في حالة المرض الفجائي للزوجة أو أحد أفراد الأسرة، أو حدوث مكروه لهم، بما لا ينتظر وصول الإسعاف. يتبع,Women Driving,Favor,Favor,Favor,All Agree,True,True,True,True
114,724738807103369217,"أول شخص يقود سيارة لمسافة طويلة مستقطباً اهتمام العالم كانت امرأة وهي ""بيرثا بينز""وهي أيضاً مخترعة الفرامل #لن_تقودي",Women Driving,Favor,Favor,Favor,All Agree,True,True,True,True
115,1010672512294932480,#المراه_السعوديه_تسوق عساها خيره ان شاء الله,Women Driving,Favor,Favor,Favor,All Agree,True,True,True,True
116,729579840366628864,#MBC_تحرض_علي_قياده_المراه #لن_تقودي هذا مجتمع تشغله التفاهات وتسبب له معضلة !! امة ضحكت من جهلها الامم,Women Driving,Against,Against,Against,All Agree,True,True,True,True
117,739909136796778496,يشتكون من التحرش والاختطاف ثم يطالبون بالقيادة ليضيفوا إلى الاختطاف سرقة السيارة أيضاً لذلك نقول #لن_تقودي 😌,Women Driving,Against,Against,Against,All Agree,True,True,True,True
118,724748943020666880,#لن_تقودي إنتي تقودي ياعزيزتي من زمان تقودي أجيال بتربية وقيادة المجتمع فكريا وعمليا فقد كرمك الأسلام على كثير من خلقة فاحذري الذئاب البشرية,Women Driving,Against,Favor,Against,Majority Agree (2/3),False,False,True,False
119,729675977824047105,#لن_تقودي م بدنا نسوق بس فكو عنا 😒,Women Driving,Favor,Against,Against,Majority Agree (2/3),False,False,False,True
120,1011297449259032577,ربي اقم الساعة فقد مكن للظالم والمنافق على أهل الحق والفضيلة. #المراه_السعوديه_تقود_السياره,Women Driving,Against,Against,Against,All Agree,True,True,True,True
121,725813967973695492,#لن_تقودي تخيلوا,Women Driving,Against,Against,None,Majority Agree (2/3),False,True,False,False
122,724698823872905216,#لن_تقودي الحمد لله اقود وقيادتي افضل مليون مرة من الرجال 😝موتوا بغيظكم 😝,Women Driving,Favor,Favor,Favor,All Agree,True,True,True,True
123,1010670624761700352,#المراه_السعوديه_تسوق الف مبروووك الله يعطيهم من خيرها🌹,Women Driving,Favor,Favor,Favor,All Agree,True,True,True,True
124,1010672757582024709,#المراه_السعوديه_تسوق كم حادث للحين,Women Driving,Against,Against,Against,All Agree,True,True,True,True
125,1010670179993432064,#المراه_السعوديه_تسوق الله يحفظ بلادنا . وستبدأ المطالبات بأمور أخرى .,Women Driving,Favor,Against,Against,Majority Agree (2/3),False,False,False,True
126,1010997450058936320,#المرأة_السعودية_تقود_السيارة مبروك السواقه😇,Women Driving,Favor,Favor,Favor,All Agree,True,True,True,True
127,724782065649078272,#المجتمع_مع_قياده_المراه الله يغثكم كانكم غثيتونا هيه انتي وياها #لن_تقودي سمعتي والا اعيدها تبين انقلعي برا دجي دجك جني 🌚,Women Driving,Against,Against,Against,All Agree,True,True,True,True
128,1010669891790176256,معركة وتم حسمها! #المرأة_السعودية_تسوق,Women Driving,Favor,Favor,Favor,All Agree,True,True,True,True
129,686076516606865408,#سوالف_مكرره_حفظناها #لن_تقودي حفظناها وربي ما عاد نبي نقود ولا هلل,Women Driving,Against,Against,Favor,Majority Agree (2/3),False,True,False,False
130,729647125219442688,لن تقودي لن تقودي لن تقودي لن تقودي لن تقودي تخسون بنات أخر زمن ايش ابي أسوق . #لن_تقودي,Women Driving,Against,Against,Against,All Agree,True,True,True,True
131,740687900535345152,#سنسوق_فوق_خشومكم ترا من فوق خشم ابوك او اخوك او زوجك اذا تعديتيهم ذيك الساعه تعدي غيرهم ي قويه انتِ. #لن_تقودي,Women Driving,Against,Favor,Against,Majority Agree (2/3),False,False,True,False
132,724697469997723649,#لن_تقودي اتمنى الصوت واضح لن تقودي 😁😁😁😁😁,Women Driving,Against,Against,Against,All Agree,True,True,True,True
133,1004521068466442240,في ناس يزهبون العصابة قبل الفلقة فيما يخص #قياده_المرأه_السعودية .. طيب لو كانت منقبة شلون بيتعرفون على هويتها .. طيب الشرطي يوقفها ؟ طيب بتدخل قسم التوقيف ؟ بلا بلا بلا,Women Driving,Against,None,Favor,No Agreement,False,False,False,False
134,1005921299561111552,خلصت مرحلة الدفع و التسجيل 🏎🤝 &gt;&gt; إنّ غَداً لنَاظِرِهِ قَرِيبُ &gt;&gt; شكرا يا أبو فهد على إنتصارك لقيادة المرأة 🙏🏻💜 #الملك_ينتصر_لقيادة_المرأة MENTION,Women Driving,Favor,Favor,Favor,All Agree,True,True,True,True
135,1010672624945508352,#المراه_السعوديه_تسوق الف مبروك لنا ولكل السعوديات توكلي وانطلقي 😝🙏🏻,Women Driving,Favor,Favor,Favor,All Agree,True,True,True,True
136,724700183427190784,عضوات الشورى خلاص انتهى الموضوع مافيه سواقه ارجعو ابحثو في مواضيع اهم من السواقه وفكونا وشوفوالمشاكل الي تواجه المراه ولا استقيلو #لن_تقودي,Women Driving,Against,Against,Against,All Agree,True,True,True,True
137,729609993603911680,اجل خليها تروح مع الهندي العازب او تموت علي الطراق ازين 👍 #لن_تقودي,Women Driving,Against,Favor,Favor,Majority Agree (2/3),False,False,False,True
138,724718819365756928,#لن_تقودي لن نقود طالماهناك بهايم متخلفه بمجتمعنااللي ينظر الى المرأه انها بس للمتعه والفتنه وممن تحاول بعقلها المريض لفت الانتباه ورخصيه,Women Driving,Favor,Favor,Against,Majority Agree (2/3),False,True,False,False
139,703141378180542464,واالله اتمنئ. يصدر أمر نسوق سيارة علئ الاقل الموظفات بس .. الاغلبيه ترفض وهم عندهم سواق تركب بنته مع اجنبي عادي 😂 #قيادة_المرأه_السعوديه,Women Driving,Favor,Favor,Favor,All Agree,True,True,True,True
140,1010673725656662017,#المراه_السعوديه_تسوق الله يستر علينا وعلى شباب المسلمين من كل أنثى لا تتقيد بأنظمة السلامة والمرور ومن كل مستهترة تقف وراء المقود(السياره) بدون رخصة مرور ومن لا تجيد قيادة السياره؟ اللهم احفظنا بحفظك وارزقنا الستر يوم القيامه,Women Driving,Against,Against,Against,All Agree,True,True,True,True
141,1010672056684433408,#المراه_السعوديه_تسوق شكرا ملكنا الغالي .. أنت ملك من قبل ما تصبح ملك .. شكرا رجال الأمن اللي الآن يتابعون الوضع بأفضل أداء .. سبحان الذي سخر لنا هذا وما كنا بمقرنين 🙏,Women Driving,Favor,Favor,Favor,All Agree,True,True,True,True
142,912828561869991936,#السماح_بقياده_المراه ههههههههههههههههههههه وكمان تكون مستعجلة هيا خذلك رباط صليبي,Women Driving,Against,Against,Against,All Agree,True,True,True,True
143,746933561907945473,من قال اني ابي اسوق اصلا فاضيه اتعب مخي انظر ذي السياره وين وانا وين والمطافيق كثير #لن_تقودي,Women Driving,Against,Against,Against,All Agree,True,True,True,True
144,739905909682515968,اعيد واكرر واقول #لن_تقودي,Women Driving,Against,Against,Against,All Agree,True,True,True,True
145,881661686146531328,الرجال اللي منثبر بالبيت ٢٤ ساعه وش تحس ياخي ! انا لو اسوق تشتكي مني محطات البنزين 💨🚗 بتقولون #لن_تقودي أدري اصلا 😒,Women Driving,Favor,Favor,Favor,All Agree,True,True,True,True
146,722942737113190402,البنات بدوا يتخيلون اذا بسوقون ، احب أقولك #لن_تقودي,Women Driving,Against,Against,Against,All Agree,True,True,True,True
147,1010673119894364160,متى تتفتح شركت التأمين والله ماطلع سيارتي وتأمينها منتهي #المراه_السعوديه_تسوق,Women Driving,None,None,Favor,Majority Agree (2/3),False,True,False,False
148,1011396619076538368,هذي تبي تسوق ولا تبي مشروبات روحيه هذا الي يقول الي عمره ماتبخر تبخر وإحترق لا حول ولا قوة الا بالله #قياده_المرأه_السعودية,Women Driving,Against,Against,Against,All Agree,True,True,True,True
149,989468259735961601,اذا ركنتي بين صفة سيارات وتبي تطلعي...اول ارجعي ع ورا لين اطلعي اغلب بودي السيارة لا تكسري المقود ابدا...طلعيها ثم اكسريه 😷 انا طلعتها شويه ثم كسرت المقود خبطت فالسيارة الي يميني #قيادة_المرأة #قياده_المرأه_السعودية,Women Driving,None,None,Favor,Majority Agree (2/3),False,True,False,False
150,1010672647896748034,بِسْم الله نبدأ ،اول تغريدة لي لهذا الحدث العظيم ،، الشكر لله اولاً ثم لخادم الحرمين الشريفين الملك سلمان حفظه الله على هذا القرار العظيم والشكر موصول أيضاً للمتابع بجد و حزم سمو ولي العهد الأمين الامير محمد بن سلمان حفظة الله #مرحبا_في_الوطن #المرأه_السعوديه_تقود ❤️👏🏽,Women Driving,Favor,Favor,Favor,All Agree,True,True,True,True
151,1011017972046016518,#المراه_السعوديه_تسوق مره ثانيه خلوها تصادم سيارات ما يصير شي نفس اللعبه 😂😂,Women Driving,Against,Against,Against,All Agree,True,True,True,True
152,965185320282095616,القرار لنن يشمل بنات البقوم✋ #الملك_ينتصر_لقياده_المراه,Women Driving,Against,Favor,Against,Majority Agree (2/3),False,False,True,False
153,1011308200933675008,١٠/١٠ كان يوم تاريخي الحمدلله أني شهدت هذا اليوم وهذا التغير وهذه الانطلاقة اللي تعطيك شعور انك راح توصلي وراح تنجزي وماراح تحتاجي لأحد 💜💜💜💜💁🏻‍♀️ #قياده_المرأه_السعودية,Women Driving,Favor,Favor,Favor,All Agree,True,True,True,True
154,1010671709903519744,لحظة طال انتظارها، ألف مبروك للمرأة السعودية وكذلك للرجل السعودي #المراه_السعوديه_تسوق,Women Driving,Favor,Favor,Favor,All Agree,True,True,True,True
155,975136428203151360,#الملك_ينتصر_لقياده_المراه ارتحت لك يوم دقيتي اشارة ههههههههههههههههههههههههههههههههههههههههههههههههههههههههههههههههههههههاختي قائدة المركبه : تعديل نقابك سبب انقلابك ..,Women Driving,Favor,Against,Against,Majority Agree (2/3),False,False,False,True
156,1011017808388509696,البنت السعوديه قدها والى غيرها مو احسن منها سواء بالقياده او بالحشمه او بالعفاف اوبالحياء او بالحجاب . وكل ماهو بالبنت السعوديه يمثل البنت المسلمه. كلنا معك. #المراه_السعوديه_تسوق,Women Driving,Favor,Favor,Favor,All Agree,True,True,True,True
157,724696548999831557,الله يريد بنا خير ويستر علينا ويختار لنا طريق الصواب #لن_تقودي,Women Driving,Against,Against,Against,All Agree,True,True,True,True
158,729609080042573824,#لن_تقودي طيب ندري وش الجديد 🙂💔,Women Driving,Favor,Against,Favor,Majority Agree (2/3),False,False,True,False
159,1010671299218362368,#المراه_السعوديه_تسوق قبل ١٠ سنوات جيت للرياض عشان العمل وكانت الشوارع شي فضيع😫 كنت اكره الدائري وخريص لأن الناس تلزق بسيارتي وارتبك وانا مسرع حطيت ورقه على القزاز الخلفي وكتبت (السائق تحت التدريب)😁وظللت السياره😂 صاروا العالم تبعد مني ورتحت انصح البنات تجربها(سائقة مبتدئه),Women Driving,Favor,Favor,Favor,All Agree,True,True,True,True
160,1011336271476805632,#المرأة_السعودية_تسوق ماهذا الذي يحصل من تجاوزات وتبرح وسفور ومسخره وسفر عبر الحدود بلا محرم وقطع الالاف الكيلومترات من نساء لوحدهن نحن نتفهم حاجة بعض النساء للقياده وفق الضوابط الشرعيه ومرعاة الاداب لكن مايحصل مهزله باب شر فتح نسأل الله السلامه,Women Driving,Against,Against,Against,All Agree,True,True,True,True
161,811390159086387200,#رفع_سعر_البنزين_30بالميه كل يومين رافعين سلامات ي غالي احمدو ربكم ي بنات انكم ماتسوقون والا الحين شايلين هم زي الاولاد🌚 #لن_تقودي,Women Driving,Against,Against,Against,All Agree,True,True,True,True
162,1010670502145413120,#لن_تقودي لو سمحتو انا غرت من البنات ابي احد يتبرع يعلمني السواقه حتى لو على سطحه راضيه 💔,Women Driving,Favor,Favor,Favor,All Agree,True,True,True,True
163,724697761875107847,"تخيل في ١٠ سنوات يطير منك ""ربع مليون ريال"" على سواق يوديك ويجيبك لوظيفتك، واذا ٢٠ سنة يطير ""نص مليون ريال"" هباءًا منثوراً 💔 #لن_تقودي",Women Driving,Favor,Favor,Favor,All Agree,True,True,True,True
164,842807529889546245,الله يأخذ الحاجه. #قياده_المراه_السعوديه,Women Driving,Against,Against,None,Majority Agree (2/3),False,True,False,False
165,729601290586689536,#MBC_تحرض_علي_قياده_المراه والله حرضت والا ماحرضت محد درى عنكم 😝 #لن_تقودي,Women Driving,Against,Against,Against,All Agree,True,True,True,True
166,724991760385056768,#لن_تقودي لو ساقو الحريم كان الحين البنزين مجمد بأكياس بالفريزر ويبيعونه بالأنستقرام .,Women Driving,Against,Against,Against,All Agree,True,True,True,True
167,1009482089094402051,الناس يالله تمشي امورها ب رواتبها ليش هالسعر المبالغ ل رخصة المراءة؟ #قيادة_المرأة_السعودية,Women Driving,Against,None,Favor,No Agreement,False,False,False,False
168,1011022896335151107,يابوي خلاص تراكم امتحنتونا #المراه_السعوديه_تسوق,Women Driving,Favor,Against,None,No Agreement,False,False,False,False
169,724711547990364161,اللي يقولون باب للفساد ما ماتوا للحين؟ لأنهم هم نفسهم اللي أيام الدشوش وجوالات الكاميرا رافضين 😂 #لن_تقودي,Women Driving,Favor,Favor,Favor,All Agree,True,True,True,True
170,1010671615938629633,جسمي قشعر الف مبروك لنا 😭💕💕💕💕 #قيادة_المرأة_السعودية,Women Driving,Favor,Favor,Favor,All Agree,True,True,True,True
171,1010671702437752832,#المراه_السعوديه_تسوق فضحتونا خلاص كلن درى كاننا حرررن قدس استغفر الله وش ذا كلنا فرحانين بس مو كذا اوفررر,Women Driving,Against,Favor,Favor,Majority Agree (2/3),False,False,False,True
172,729638138591719424,ياشيخ علي كيفكم هي #لن_تقودي,Women Driving,Against,Against,Favor,Majority Agree (2/3),False,True,False,False
173,729630781279223808,أجل أنت اللي قد وماراح أزعل..لكن كلّما بغيتك ألقاك في السيّارة تودّيني للي أبي..جاهز??والله ماهقيته!! #لن_تقودي,Women Driving,Against,Against,Favor,Majority Agree (2/3),False,True,False,False
174,912829121608028160,#الملك_ينتصر_لقياده_المراه شكرا ملك الحزم شكرا لولي العهد,Women Driving,Favor,Favor,Favor,All Agree,True,True,True,True
175,724711590587686920,برايي الضرورات تبيح المحظورات من ثبت اضطرارها الشديد للقيادة من النساء أرى ان يسمح لها وفق ضوابط محددة فهي ضرورة ليست ترف او هوى #لن_تقودي,Women Driving,Favor,Favor,Against,Majority Agree (2/3),False,True,False,False
176,724698370212802561,#لن_تقودي كويس لأني لو سقت سأصدمكم 💀,Women Driving,Against,Against,None,Majority Agree (2/3),False,True,False,False
177,1010670609746022402,#لن_تقودي باقي عايشين انتم 🤣🤣🤣🤣,Women Driving,Against,Favor,Favor,Majority Agree (2/3),False,False,False,True
178,1010668482348879878,#المراه_السعوديه_تسوق اكيد انا مع القيادة كل وحده تقضي مشاويرها بنفسها بدل من السواقين وكذا .. لكن ليه الموضوع كأنه حدث تاريخي شيوخ عالم دنيا خييير ترى قيادة ما تستاهل كل هالضجة والتصفيق 😶🌚 ترى احنا اخر ناس على فكرة🤐🤢,Women Driving,Favor,Favor,Favor,All Agree,True,True,True,True
179,1011391514340143104,#المراه_السعوديه_تسوق عشان تحمين نفسك من المتحرشين أثناء القيادة امسحي المكياج.,Women Driving,Against,None,None,Majority Agree (2/3),False,False,False,True
180,732747024395849728,"وعد إني أذا سقت سيارتي , إما أحط اقدم تغريدة لي عن مطالبتي بالقيادة أو بحط وسم #لن_تقودي و أحرق قلوب دواعش الشارع . URL",Women Driving,Favor,Favor,Favor,All Agree,True,True,True,True
181,1010672180437413889,١٠/١٠ تاريخ يؤكد بأن لاشي مستحيل 😊 #المرأة_السعودية_تسوق,Women Driving,Favor,Favor,Favor,All Agree,True,True,True,True
182,884746790192467969,#لن_تقودي يا قرة عيني #اسقاط_الولاية URL,Women Driving,Against,Against,Against,All Agree,True,True,True,True
183,724704666982993920,#لن_تقودي فعلاً المجتمع غير متقبل الفكرة مو تجي كم وحده عاملة نفسها الحقوقية المتمردة همها كله تمسك الدريكسون وإلا صارت المظلمومة المضطهدة😩,Women Driving,Against,Against,Against,All Agree,True,True,True,True
184,1010671365479858177,اخير بعد طول انتظار ✌🏻 #المراه_السعوديه_تسوق,Women Driving,Favor,Favor,Favor,All Agree,True,True,True,True
185,724727053954719744,#لن_تقودي لن تقودي لن تقودي مب ناقصين زحمات زياده ،،,Women Driving,Against,Against,Against,All Agree,True,True,True,True
186,724712557924200448,البعض يزعم الرجولة والحفاط ع اهله ان تختلي بسائق اجنبي خيرا لها من ان تقود مركبتها قمة الغباء ف بعض العقليات 👌🏻♥️ #لن_تقودي,Women Driving,Favor,Favor,Favor,All Agree,True,True,True,True
187,1010671274484527104,رغم أنني أدرك رفاهية الجلوس في الخلف وإنجاز بعض المهام، إلا أنني أشكر الله ثم الملك سلمان وولي عهده في أن جعل هذا القرار أمرا يتيح حرية الاختيار.. وانصح جميع السعوديات بتعلم القيادة لما لها من أهمية قد تدركينها في أي ظرف طارئ لا سمح الله #عشرة_عشرة #المراه_السعوديه_تسوق,Women Driving,Favor,Favor,Favor,All Agree,True,True,True,True
188,1010147151362625536,سبحان مغير الاحوال من هاشتاق #لن_تقودي إلى #ستقودي_والشعب_معك,Women Driving,Favor,Favor,Favor,All Agree,True,True,True,True
189,724722730654900224,يب انا مابي 🏃🏃 #لن_تقودي,Women Driving,Against,Against,Against,All Agree,True,True,True,True
190,724701598287572993,استغرب الأهتمام الذي فاق الوصف في هذا الملف !! في ضَل وجود عشرات القضايا المفترض تسليط الضوء عليها في قوقعة المرأة ؟ !!! #لن_تقودي,Women Driving,Against,None,None,Majority Agree (2/3),False,False,False,True
191,724748165866463232,#لن_تقودي اللي يقولون معززه مكرمه ملكه ما نبي نكون ملكات نبي نسوووق بس,Women Driving,Favor,Favor,Favor,All Agree,True,True,True,True
192,793026896393101313,#الشورى_يرفض_قيادة_المرأة كم مره نقول #لن_تقودي,Women Driving,Against,Against,Against,All Agree,True,True,True,True
193,1011386322777509889,"فيني جمله ""خلاااااااص والله دريت اننا صرنا نقود صدق خلاااص"" 👁️👁️ #قياده_المراه_السعوديه",Women Driving,Favor,Favor,None,Majority Agree (2/3),False,True,False,False
194,1011021078255284225,اللهم اني استودعك فصيله الرجال اللهم احمهم بعينك التي لاتنام #المراه_السعوديه_تسوق,Women Driving,Against,Against,Against,All Agree,True,True,True,True
195,725042015050850308,مجتمعنا رافض : إذا بغيتون وأنتم صاماين نعمل إنتخابات 😳🤔 ونرفقها مع أي إنتخابات 😅 والله يسهل 👍🏻 #السماح_بقياده_المرأه,Women Driving,Against,Favor,Against,Majority Agree (2/3),False,False,True,False
196,994063923451191296,بكره تزين الايام واحط رخصتي ب شنطتي 💃💃 #لن_تقودي,Women Driving,Favor,Favor,Favor,All Agree,True,True,True,True
197,724708982670151681,#لن_تقودي بعضهم يتحجج بأن قيادتهاسيؤدي إلى تقليص عدد السائقين وهذا ليس صحيح بالدول المجاورة المرأة تقود السيارة وفي بيتها سائق لاتستغني عنه,Women Driving,Favor,Favor,Against,Majority Agree (2/3),False,True,False,False
198,902786684630302720,مثل هذا النوع من النسويات المأزومات أخلاقياً، لوتسنى لها ظلم الرجل وظلم المرأة نفسها لفعلت إنتصاراً لمصلحتها. #لن_تقودي 😂 URL,Women Driving,Against,Against,Against,All Agree,True,True,True,True
199,1010668958863765504,#المراه_السعوديه_تسوق وَلَا يُبْدِينَ زِينَتَهُنَّ إِلَّا لِبُعُولَتِهِنَّ أَوْ آبَائِهِنَّ أَوْ آبَاءِ بُعُولَتِهِنَّ أَوْ أَبْنَائِهِنَّ أَوْ أَبْنَاءِ بُعُولَتِهِنَّ أَوْ إِخْوَانِهِنَّ أَوْ بَنِي إِخْوَانِهِنَّ ...... الاية وحاطة المكياج والاصبغ وطالعة تقل مهرج السرك,Women Driving,Against,Against,Against,All Agree,True,True,True,True
200,723773119530438656,#اذا_سقنا بدعس كل رجال اشوفه قدامي واقول قدنا غصبن عنكم 😈😂 #لن_تقودي,Women Driving,Favor,Favor,Favor,All Agree,True,True,True,True
201,1010670020530188289,قيادة المرأة للسيارة فيها فائدة للمرأة والرجل، فألف مبروك يا صبايا مو ناقصكم شي لتسوقوا، و اللي بسمّعكم كلمة استهزاء، اضربوا سيارته خليه يتربى 😜 #المراه_السعوديه_تسوق,Women Driving,Favor,Favor,Favor,All Agree,True,True,True,True
202,729663701469544448,#لن_تقودي ولن تقودي بإذن الله,Women Driving,Against,Against,Against,All Agree,True,True,True,True
203,683370958963535872,حركات لفت النظر والهمز واللمز عشان الناس تتكلم فيني بطلوها ، بس ليتك حددتي من تترحمين عليه عشان نعرف😉 #لن_تقودي URL,Women Driving,Against,Against,None,Majority Agree (2/3),False,True,False,False
204,1011018128892022785,#هيئة_كبار_العلماء اعلنت أن البعض ايد القرار و البعض أعترض على قرار #قياده_المرأه_السعودية ... هل لنا أن نعرف على ماذا استند كل فريق ..!!؟ و كم عدد المعترضين و المؤيدين...!!؟,Women Driving,None,None,None,All Agree,True,True,True,True
205,724714560653955072,تركب ف السياره وتخلي اللي يسوق يسوي حادث فما بالكم اذا ساقت😂يا الله سترك وش لكن بالغثى خلكن مرتاحات #لن_تقودي,Women Driving,Against,Against,Against,All Agree,True,True,True,True
206,1011306757799362571,اليوم نكتب تاريخاً جديداً تهانينا لأمهاتنا وأخواتنا وزوجاتنا وبناتنا 🚗 #المراه_السعوديه_تقود_السياره,Women Driving,Favor,Favor,Favor,All Agree,True,True,True,True
207,1010018743945064449,#ستقودي_والشعب_معك ماشاءالله مسوي اخلاق انت واياه وين وسم #لن_تقودي اللي غثيتونا فيه سنين الله يخلي ابو فهد بسسسسس عز يامال العز 😉😂 #شيخة_البنات,Women Driving,Favor,Favor,Favor,All Agree,True,True,True,True
208,724733181920972800,#لن_تقودي:ستقود باذن الله رغم انف التزمت وانوف المتزمتين وستنال حقوقها التي منعتموها وان غداً لناظره لقريب نحن بعهد التحول. ولى زمانكم,Women Driving,Favor,Favor,Favor,All Agree,True,True,True,True
209,785443035714875392,لن تقوودي #لن_تقودي #بناتك_ياملكنا_طالبينك_يسوقون,Women Driving,Against,Against,Against,All Agree,True,True,True,True
210,1010670426681499648,#المرأة_السعودية_تسوق بالتوفيق للجميع ويجب توخي الحذر فالبدايات صعبه للكل ...,Women Driving,Favor,Favor,Favor,All Agree,True,True,True,True
211,1010668614037405697,#المراه_السعوديه_تسوق انا تسووووق 😍,Women Driving,Favor,Favor,Favor,All Agree,True,True,True,True
212,1360120483119775744,#تخيل_البنت_بدون_مكياج عدم الالتزام بالمسار الصحيح يعرضك للخطر وللمخالفات المرورية ..#ين_حر #السمينه_ولا_النحيفه #المدرسة_السعودية_للقيادة #قياده_المرأه_السعودية,Women Driving,None,None,None,All Agree,True,True,True,True
213,1011329340670468096,الي يقولون وين الي يسوقون اصبرو شهر بس ع ماتطلع الرخص والاغلب ياخذونها بتشووفون الشوراع مليانه 🤩❤️❤️❤️ #المراه_السعوديه_تسوق,Women Driving,Favor,Favor,Favor,All Agree,True,True,True,True
214,1010671230167474176,راح وقت بطاقات الشحن وجاء وقت تسديد المخالفات. #المراه_السعوديه_تسوق,Women Driving,Favor,None,None,Majority Agree (2/3),False,False,False,True
215,726779201836179457,#لن_تقودي انا سائق لأمي وأختي وبنتي وزوجي وأفتخر بشرف رعايتك وحمايتك لا تغرنك هتافاتهم هم يتربصون لا تضعفي أعلنيها #لا_للمتربصين_بالمسلمات,Women Driving,Against,Against,Against,All Agree,True,True,True,True
216,1010672372754640897,من كثر قوة هالحدث نسينا نتحلطم على الدوام #المراه_السعوديه_تسوق,Women Driving,Favor,Favor,Favor,All Agree,True,True,True,True
217,1011365552084922370,ودي اعرف وين الوناسه بالموضوع يوم الخليجيات يتسابقون من اول من يدخل السعوديه ومتحمسات اكثر منا ، الحمدلله والشكر بس !#المرأة_السعودية_تقود_السيارة,Women Driving,Against,Against,Against,All Agree,True,True,True,True
218,1010669922454855680,#المراه_السعوديه_تسوق لا يستطيع محدودو الدخل أن يوفوا برواتب للسائقين الوافدين، وبذلك تزيل قيادة المرأة للسيارة عبئًا كبيرًا من على محدودي الدخل، وتجعلهم يقضون أمورهم بكل سلاسة. يتبع,Women Driving,Favor,Favor,Favor,All Agree,True,True,True,True
219,1010669608641187841,ألف مبروك لبنت وطني الحمد لله ان قدتي مركبتك في وطنك ونلتي حقك الطبيعي #المراه_السعوديه_تسوق,Women Driving,Favor,Favor,Favor,All Agree,True,True,True,True
220,796274366078156800,يمكن تقود السياره مع زوجها او ولي أمرها في البر عن النفس فقط #لن_تقودي,Women Driving,Against,Against,Against,All Agree,True,True,True,True
221,1010670147223343105,توزيع ورود وانا ماشوف الا مخالفات ورده بالغلط مع مخالفه طيب🙅#المراه_السعوديه_تسوق,Women Driving,Against,Against,Favor,Majority Agree (2/3),False,True,False,False
222,1010671904422850560,عاشت عاشت بلادي💚10/10🇸🇦💚#المرأة_السعودية_تسوق #قيادة_المراة_السعودية,Women Driving,Favor,Favor,Favor,All Agree,True,True,True,True
223,1011025554571759618,#المراه_السعوديه_تقود_السياره هالله هالله 💃🏻,Women Driving,Favor,Favor,Favor,All Agree,True,True,True,True
224,1011328199010275330,#قياده_المرأه_السعودية النظام يعاقب من يتعرض للمرأة ويصوّرها أثناء قيادة السيارة !!! والإعلام الهدام يبالغ في تغطيته الإعلاميه ويثير الفتنه، ومجتمعنا محافظ، والمتبرجات الكاشفات لشعورهن يمثلن أنفسهن ، تحيه للمحجبه المحتشمه التي يفخر بها المجتمع السعودي المحافظ.,Women Driving,Favor,Favor,Favor,All Agree,True,True,True,True
225,1010672674027294723,#المراه_السعوديه_تسوق العالم اللي ماخذ الوضع طقطقه.. لو انت تصاب بإعاقه ولا عندك ماده تقدر تجيب سائق راح تندم انك ماعلمت بنتك او زوجتك ... فلذاك اترك الناس واهتم في نفسك ، ومن يحاول يتعرض اي بنت راح يكون نظام الدوله امامه ✋🏻 الف مبروك لسعوديات 🌺🌹,Women Driving,Favor,Favor,Favor,All Agree,True,True,True,True
226,724697559382515712,خذو عقلك فيه قضايا اهم منك يالخبلة منهو انتي اللي قضيتك بس الاهم من بين القضايا قلة أدب وحيا خبلة ياالعوجا #لن_تقودي,Women Driving,Against,Against,Against,All Agree,True,True,True,True
227,1009998092542906368,ابد ولله انزل من السياره وهي شغاله واهج 😂😂😂😂 حياتي اهم شي ✌🏻 #ستقودي_والشعب_معك #قياده_المرأه_السعودية URL,Women Driving,Against,Against,Favor,Majority Agree (2/3),False,True,False,False
228,912827835391332357,ياربي اني من عقب #السماح_بقيادة_المرأة وانا مو قادره انام بالعاده هالوقت اكون بسابع نومه❤️😩,Women Driving,Favor,Favor,Favor,All Agree,True,True,True,True
229,1009168001428545538,#قيادة_المرأة_السعودية كبداية ،، توقعوا منها كوااااارث👇🏽,Women Driving,Against,Against,Against,All Agree,True,True,True,True
230,1011025386652782593,لم أكن من المؤيدين و لستُ من المعارضين ، و لكني سعيدة جداً بهذا التمكين .. ألف مبرووك لـ معشر النساء السعوديات 💜💜 #SaudiWomenDriving #قياده_المرأه_السعودية,Women Driving,Favor,Favor,Favor,All Agree,True,True,True,True
231,724745300653514756,مافي مشكله في السواقه المراه المشكله في المجتمع!🙄 #لن_تقودي,Women Driving,Favor,Favor,Favor,All Agree,True,True,True,True
232,853471250668290048,موتحدي السالفه بس اذا القيادة كانت بشروط وقوانين ليش اغلب الناس رافضه اللي مايبغى اخواته يسوقون خلاص ودهم انت لاتحذفهم مع السواق #لن_تقودي,Women Driving,Favor,Favor,Favor,All Agree,True,True,True,True
233,1011010887187161088,إلى كل واحد ما سافر هذا الصيف: ترا الحريم بيسوقوا في السعودية .. يعني ما سار في فرق بيننا وبين الدول الثانية #قياده_المرأه_السعودية #المرأة_السعودية_تقود_السيارة,Women Driving,Favor,Favor,Favor,All Agree,True,True,True,True
234,724742977994821632,الشرف غالي #لن_تقودي,Women Driving,Against,Against,Against,All Agree,True,True,True,True
235,1010673610716073984,#المراه_السعوديه_تسوق مبروك👌🙏🏻,Women Driving,Favor,Favor,Favor,All Agree,True,True,True,True
236,1011349178298130433,اقسم بالله ازعجتونا .. الشعب السعودي ولا حرمه محافظه ساقت ماساق الا نسبه لاتذكر واول مره اشوف قرار حكومي غير مرحب به #المراه_السعوديه_تقود_السياره,Women Driving,Against,Against,Against,All Agree,True,True,True,True
237,724761163154788352,"#لن_تقودي مشكلة قيادة المرأة ""غباء"" قيادة و تشكيل الرأي العام المجتمع يرفض ""متحررة و متمردة و و"" اللي خلف القيادة اكثر من القيادة نفسها",Women Driving,Against,Against,Against,All Agree,True,True,True,True
238,724915436211556352,#سعوديات_ضد_قياده_المراه وصلت لمرحلة عالية من التحدث مع النفس بسبب موضوع قيادة المرأة😊 صرت أسولف مع نفسي بالإنجليزي ..!😂 خلاص #لن_تقودى,Women Driving,Against,Against,Against,All Agree,True,True,True,True
239,1010673752777076738,بالتوفيق لسيدات المملكة 🌹👍🏼 #المراه_السعوديه_تسوق,Women Driving,Favor,Favor,Favor,All Agree,True,True,True,True
240,734254963388493825,لاوظائف ومستقبل ضايع وفالحين يتجمعون بس في تاق #لن_تقودي ومسوين فيهاحميه وهم في اي حق مايساعدون البنات يوصلون له بس فرحانين بالاعتراض وبس💦😪,Women Driving,Favor,Favor,Favor,All Agree,True,True,True,True
241,724738296526561280,#لن_تقودي بيجي يوم ويسمحون لنا تبين تسوقين سوقي ماتبين كيفك محد يجبرك تسوقين وانت اذا اختك او امك بتسوق كيفهم مايبون برضه بكيفهم وشكرا,Women Driving,Favor,Favor,Favor,All Agree,True,True,True,True
242,724917466800001025,#لن_تقودي الا انا ساقود 😎💜.,Women Driving,Against,Favor,Favor,Majority Agree (2/3),False,False,False,True
243,1010672571400978432,#المراه_السعوديه_تسوق بقى اول سعوديه تصدم,Women Driving,Against,Against,Against,All Agree,True,True,True,True
244,724706009093124096,#لن_تقودي اوكِ بيبي نوبروبلم,Women Driving,Against,Against,Against,All Agree,True,True,True,True
245,1010669858822991872,#المراه_السعوديه_تسوق شكلي وانا فرحانه مع البنات بس اتذكر ان ماعندي سياره ولا رخصه ولا اعرف اسوق URL,Women Driving,Favor,Favor,Favor,All Agree,True,True,True,True
246,796276443642757120,#لن_تقودي مايحتاج انت عندي 😎,Women Driving,Against,Against,Against,All Agree,True,True,True,True
247,1010308143300141057,يوم الاحد مرتبطه بطلعه ولا كان ودي اجلس على الرصيف واصفرر لاي وحده تسوق 👏🏻👏🏻👏🏻👏🏻👏🏻 #قياده_المرأه_السعودية,Women Driving,Favor,Favor,Favor,All Agree,True,True,True,True
248,1010668614318297088,كان هاالتاق ايام المنع يجيبلي المراره بس الحمدالله وشكرا محمد بن سلمان💔 #لن_تقودي,Women Driving,Favor,Favor,Favor,All Agree,True,True,True,True
249,1010671171057192961,يستاهلون 👍👍 #المراه_السعوديه_تسوق,Women Driving,Favor,Favor,Favor,All Agree,True,True,True,True
250,1010671122847813632,#المراه_السعوديه_تسوق زانت نفسيات العسكر 🙄.,Women Driving,Against,Against,Against,All Agree,True,True,True,True
251,756832736510373888,🚙🚗🚕 #قياده_المراه_للسياره_ضروره 🚗🚙🚕 👆🏻🚗👆🏻🚕👆🏻🚗👆🏻🚕👆🏻🚗👆🏻🚕👆🏻🚗👆🏻🚕👆🏻🚗👆🏻🚕👆🏻🚗 #لن_تقودي قرّي في بيتك أبرك لك ولغيرك #حبيبسي_لن_يتزوجسي,Women Driving,Against,Against,Against,All Agree,True,True,True,True
252,1010672178466119680,#المراه_السعوديه_تسوق الله يعين بكره ع الزحمه الصباح 😓😓,Women Driving,Against,Against,Against,All Agree,True,True,True,True
253,1010673307392315392,اليوم ٢٤/ ٦/ ٢٠١٨م تُمارس المرأة حقها الطبيعي في قيادة السيارة MENTION #شكراً_ملكنا_سلمان #شكرا_محمد_بن_سلمان #المراة_السعوديه_تسوق #مها_الوابل,Women Driving,Favor,Favor,Favor,All Agree,True,True,True,True
254,795209767811686400,#لن_تقودي الشعب السعودي شعب جميل وغيور .. فنحن نفرض ع ذاتنا .. ماذا اسمي قيادتكم ،، تديث ؟ ام تحرر ؟ ام عدم سيطره ؟ ❤️✋🏻,Women Driving,Against,Against,Against,All Agree,True,True,True,True
255,724711209812037632,#لن_تقودي في مجتمع يقوده الجهل,Women Driving,Against,Favor,Favor,Majority Agree (2/3),False,False,False,True
256,725913013094490112,مو معناته انك يافولاذيه تنشرين الفساد تقولين الحرية! مهما نبحتي لن تقومي الدوله على حاكمها فرقي يا جاهله بين الحرية والفساد.! و #لن_تقودي,Women Driving,Against,Against,Against,All Agree,True,True,True,True
257,724698811617165314,#لن_تقودي اذا جيت للأعلام تلقى المطلقات مذيعات مجتمعات في اغلب البرامج كلامهم عن ظلم المرأه ومسكينه المرأه وهم مقهورين من طلاقهم وجلستهم 1-,Women Driving,Against,Against,None,Majority Agree (2/3),False,True,False,False
258,1010668373561217024,#المراه_السعوديه_تسوق ماشاءالله ، الف الف الف مبروووووك ، بناتنا وخوانتا وامهاتنا بمناسبة قيادة المرآه السيارة ، الله يوفقهم ويحفظهم يارب,Women Driving,Favor,Favor,Favor,All Agree,True,True,True,True
259,1011005044563632129,الى كل من يعترض على قيادة المرأه .. اليس الاجدر بها ان تقود سيارتها وتقضي حاجتها دون الركوب مع سائق هو بالاصل ليس محرم لها . #المراه_السعوديه_تسوق,Women Driving,Favor,Favor,Favor,All Agree,True,True,True,True
260,1011362492449247233,#المراه_السعوديه_تسوق المقصات هو الراديتر معلومه مهمه ياشباب اوكي ..!؟؟😂,Women Driving,Against,None,Against,Majority Agree (2/3),False,False,True,False
261,724701534278262788,#لن_تقودي طيب سواقة الدراجة وش صار عليها 🙊😜😎..,Women Driving,Against,Favor,Against,Majority Agree (2/3),False,False,True,False
262,912828482878689282,وين شلة لن تقودي ؟ 😱😂🤣 #الملك_ينتصر_لقياده_المراه,Women Driving,Favor,Favor,Favor,All Agree,True,True,True,True
263,725193287750000640,شوفو الأسلوب كيف مو #لن_تقودي 😑💔 خلاص بنات كنسلو موضوع السياقة 😍💘 حنا أميرات 😌💅🏼😂 MENTION عشانه 🙈💗,Women Driving,Against,Against,None,Majority Agree (2/3),False,True,False,False
264,1010671978628440064,#لن_تقودي ماعاد فيه بسير على فلانه حامل . الحين بقهوي فلانه صادمه .,Women Driving,Against,Against,Against,All Agree,True,True,True,True
265,725043722602340352,تقود الغنيه. وتنقهر. الفقيره. وليته متحشمات. انواع. التبرج #لن_تقودي,Women Driving,Against,Against,Against,All Agree,True,True,True,True
266,724738632544870400,الفتاة المحتشمه : مفخره لوالديها ، كرامه لزوجها ، مثال لبناتها ، قدوه للمجتمع♥ #لن_تقودي,Women Driving,Against,Against,None,Majority Agree (2/3),False,True,False,False
267,1010670488111104000,#لن_تقودي جالس بمغسلة سيارات اغسل سيارتي واللي معاي كلهم حريم كل وحده بسيارتها 😂😂😂😂😂,Women Driving,Favor,Favor,Favor,All Agree,True,True,True,True
268,729594077604401152,#لن_تقودي حماية لك وهو مطلقها مع السواويق 🌚.. عندما تتفلسف الحمير!,Women Driving,Favor,Favor,Favor,All Agree,True,True,True,True
269,1010671144221933568,#المراه_السعوديه_تسوق كلي فخر بهذا الوطن الي قاعدة اشوفه شي جميل الرجال و النساء يد وحده الف مبروك لنا على بدء القيادة في السعودية واتمنى نكون عند حسن ظن الملك سلمان و ولي العهد محمد بن سلمان ونحن باذن الله سنكون عند حسن الظن ❤️,Women Driving,Favor,Favor,Favor,All Agree,True,True,True,True
270,1010673112617291776,حريمهم يسقن😂 #المراه_السعوديه_تسوق,Women Driving,Favor,Against,Against,Majority Agree (2/3),False,False,False,True
271,1010671414842667008,قيادة السيارة لاتعني التبرج والسفور والاختلاط تذكري امر الخالق سبحانه وتعالى وَقَرْنَ فِي بُيُوتِكُنَّ وَلَا تَبَرَّجْنَ تَبَرُّجَ الْجَاهِلِيَّةِ الْأُولَىٰ.... #المراه_السعوديه_تسوق,Women Driving,Against,Against,Favor,Majority Agree (2/3),False,True,False,False
272,1010672588178280454,شيء غريب من اللي ينتقد المرأة على السواقة وهي لسه توها بادية، فيه شباب سنوات يسوقون وما كأنه تعلم شيء #المرأة_السعودية_تسوق,Women Driving,Favor,Favor,Favor,All Agree,True,True,True,True
273,1011374288534999040,#المراه_السعوديه_تقود_السياره وهذا أمر رائع جداً وبناء والاهم ان قيادة المرأة باتت ضرورة وليست ترفيه كما يضن محدودي الافق، وفوائدها كثيرة اجتماعيه واقتصاديه واخلاقيه. علينا ان ندع الموروث الموبوء والعادات البالية التي ما انزل الله بها من سلطان. وعلينا ان نعاصر الزمن والمتغيرات.,Women Driving,Favor,Favor,Favor,All Agree,True,True,True,True
274,724754014387232771,#لن_تقودي الله سبحانة وتعالى أسقط عن المراة فرض صلاة الجماعة حتى تستتر ببيتها وهن يطالبن للخروج للقيادة,Women Driving,Against,Against,Against,All Agree,True,True,True,True
275,1010673516268720128,#المراه_السعوديه_تسوق اليوم الحلقه الاخيره لكلمة ياليتني ولد 😂😂😂😂😂😂,Women Driving,Favor,Favor,Favor,All Agree,True,True,True,True
276,997655568033763328,اجمل مافي الموضوع لجين مامداه تسوق وتقهركم شباب 😂😂😂😂😂 #قياده_المرأه_السعودية,Women Driving,Favor,Favor,Favor,All Agree,True,True,True,True
277,1011292278755913734,كيف يمكن التعرف على هوية السائقه اذا كانت منقبه 👍 لا حاجه للكشف بالبصمه 👏 #قياده_المرأه_السعودية URL,Women Driving,Against,Favor,Favor,Majority Agree (2/3),False,False,False,True
278,1010670470478299136,الله يستر ،، من نزلة ( القديّة ) ( هذا بلا ابوك يا عقاب ) 😀🙈 #المراه_السعوديه_تسوق,Women Driving,Against,Against,Against,All Agree,True,True,True,True
279,1010670061001035776,#المراه_السعوديه_تسوق الله يستر عليك من بنت جارنا 😂✋,Women Driving,Against,Against,Against,All Agree,True,True,True,True
280,818152557990346753,هاشتاقات #قياده_المراه_للسياره هاشتاقات مشبوهة تصدر من مجاهيل في أوقات الأزمات لتصادر رأي المجتمع .. ونقول لها بملء فينا : #لن_تقودي ..,Women Driving,Against,Against,Against,All Agree,True,True,True,True
281,1010671734062764033,#المراه_السعوديه_تسوق اكثر شي ندمانه عليه حاليا انو سنوات البعثة مرت و ما أخذت الرخصة الأمريكيه 🙃,Women Driving,Favor,Favor,Favor,All Agree,True,True,True,True
282,999309871513292800,#قياده_المرأه_السعودية #قيادة_المرأة_للسيارة وين سويتي الحادث ؟ -لو يهمك كان عرفت. قريبا هههههههههههههههههههههههههههههههههههههههههههههههههههههههههههههههههههههههههههههههههههههههههههههههههههه,Women Driving,Against,Against,Against,All Agree,True,True,True,True
283,1005056935522111488,لكل الساخرين من الرجال.. الحقيقة تقول: في أمريكا تأمين سيارة المرأة أرخص من الرجل.. لأنها أقل حوادث.. بلغة الأرقام التي لاتكذب.. #قياده_المرأه_السعودية,Women Driving,Favor,Favor,Favor,All Agree,True,True,True,True
284,756885218150191104,#قياده_المراه_للسياره_ضروره لن تقودي لن ت ق و د ي لن تقووووووودي #لن_تقودي لن تسوقي لن ت س و ق ي لن تسووووووقي #لن_تسوقي,Women Driving,Against,Against,Against,All Agree,True,True,True,True
285,724738820013461504,اذا الوحدة خايفه يتحرش بها سواق وتبي الخروج من السالفة انها تسوق بنفسها كم واحد يتحرش بها اساسا وهي ع الطريق والخط مقفل ؟؟ نكذب؟ #لن_تقودي,Women Driving,Against,Against,Against,All Agree,True,True,True,True
286,724705883121430528,#لن_تقودي ومين قال نبي نسوق اللي تبي تسوق تعالي اخليك بدال سواقي راتبك٨٠٠معاد الا بنت ابوها تسوق وين راحواالسواقين وين راحوااللي مسؤلين عني,Women Driving,Against,Against,Against,All Agree,True,True,True,True
287,1011300392607592448,مناشبين السعوديات ع فرحتهم بالسواقه ! شخصكم فيهم خلوهم يعبرون ويستانسون ع كيفهم عافان الله حاشرين خشمهم فكل مكان #المراه_السعوديه_تسوق,Women Driving,Favor,Favor,Favor,All Agree,True,True,True,True
288,796273465045172224,مادرينا عنكم ولا عن قيادتكم #لن_تقودي,Women Driving,Against,Against,Against,All Agree,True,True,True,True
289,724700108902830080,#لن_تقودي بل هي من تقود المجتمع وهي من تربي الأجيال وهي الام والأخت والزوجة لاتجعلوها في دائرة ضيقة ،اللهم احفظها بحفظك وجعلها عزيزة دائما,Women Driving,Against,Favor,Favor,Majority Agree (2/3),False,False,False,True
290,724711974458802177,اقول اسكتو ي سواقين العائله 😂 حنا ي البناات مثل الأميرات ف قصرناا قصدي بيتنا🌚💔 اصلن السواقه مو حلوى🙃☹✋ #لن_تقودي,Women Driving,Against,Against,Favor,Majority Agree (2/3),False,True,False,False
291,989476596867354625,الي عايشات فالعاصمة الله يعينهن لكن عاااااادي كل شي بالتعليم يصبح سهل جدا ...معنا بنات سنة اولى جامعة ويسوقن في العاصمة عادي شارع 4حارات #قيادة_المرأة #قياده_المرأه_السعودية,Women Driving,Favor,Favor,Favor,All Agree,True,True,True,True
292,1010672164826165248,يوم جديد يشهد بدايه جديده لنا مبروووك 💜💜💜💜💜 #قياده_المراه_السعوديه,Women Driving,Favor,Favor,Favor,All Agree,True,True,True,True
293,724708550249992192,عندما تتعرى الشجرة من أوراقها يكون مصيرها حطب للنار ، اعتقد واضحة.🍺 #لن_تقودي,Women Driving,Against,Against,Against,All Agree,True,True,True,True
294,732205214095282176,لماذا يعترض الكثير على #قياده_المرأه_للسيارة بعيدا عن التغريب والدين وصراع التيارات اختصرته هذه المرأه #لن_تقودي URL,Women Driving,Favor,Against,Against,Majority Agree (2/3),False,False,False,True
295,1010671120285085701,#المراه_السعوديه_تسوق وش هالضجه ترا سواقه اللي يشوفكم يقول كان مننوع علينا الحريم تطلع من البيت 🙄👊🏻 اوفررر,Women Driving,Favor,Favor,None,Majority Agree (2/3),False,True,False,False
296,1010671483226554368,#حقيقة .. اليوم أدرك كثيراً من شعبنا .. #أن قيادة المرأة لا علاقة له بسوء الأخلاق !! ٰ ٰ #المراه_السعوديه_تسوق,Women Driving,Favor,Favor,Favor,All Agree,True,True,True,True
297,756844661008982016,#قياده_المراه_للسياره_ضروره موضوع يتكرر كثير ولكن #لن_تقودي حتى لو لحستي كوعك,Women Driving,Against,Against,Against,All Agree,True,True,True,True
298,724746493417152513,ان كانت ام فهي مربيه وان كانت اخت فهي حنونه وان كانت زوجه فهي شريكه باختصار هي قائده لنا بكل الاحول فالسياره ليست بشئ كثير ارتقو #لن_تقودي,Women Driving,Favor,Against,Favor,Majority Agree (2/3),False,False,True,False
299,1011364477554610176,#المراه_السعوديه_تقود_السياره. الـمبادي مـا تـغيّر عـلى النهج السليم و الجدل محسوم و الهرج مافيه ثْمره . الـسـواقه لـلـرجل و الـسـواقه لـلحريم و الـرجل يبقى رجل و المره تبقى مره . #سعد_المخلفي,Women Driving,Against,Favor,Favor,Majority Agree (2/3),False,False,False,True
300,724734689571921921,#لن_تقودي لا اطالب بها ولكن اتمنى تهيئة وسائل مواصلات اخرى(الباص) وتنظيم عملها واوقاتها والاهتمام بها لتعويض من هي بحاجه لها.,Women Driving,Against,Against,Against,All Agree,True,True,True,True
301,724698670734696448,خلااص انتهى الموضوع مافيه قياده مافيه للللوش💃💃خلص القرار وانقال #لن_تقودي,Women Driving,Against,Against,Against,All Agree,True,True,True,True
302,1010668754215284736,اللي رجال مايخليها تسوق الا لحاجه ماسه ماتطلع تدور في الشوارع واغاني وشيلات وتصوير وتسبب زحمه للناس ترى فيه ناس عندها عمل وناس حالات طارئه بيروحون المستشفيات فكل انسان يكون حريص وبلا غباء #لن_تقودي,Women Driving,Against,Against,Against,All Agree,True,True,True,True
303,739866516280225792,#لن_تقودي ولو بعد 100 سنة 😂😂 #سيلفي,Women Driving,Against,Against,Against,All Agree,True,True,True,True
304,724699687039672320,بتسوق غصبا على شنيك 😂 #لن_تقودي,Women Driving,Favor,Favor,Favor,All Agree,True,True,True,True
305,724704046704111616,#لن_تقودي خلاص مستحيل يمكن حفيدتي او حفيدتها يسوقون اما جيلنا ف مستحييييل 😊✋,Women Driving,Against,Against,Against,All Agree,True,True,True,True
306,729652160837857280,نعيد ونكرر #لن_تقودي,Women Driving,Against,Against,Against,All Agree,True,True,True,True
307,724700308274851846,لان تقودي يا موردت الخدودي ☺️ #لن_تقودي,Women Driving,Against,Against,Against,All Agree,True,True,True,True
308,1010672162670247937,اليوم ورد وبكرا التشليح . #المرأة_السعودية_تسوق,Women Driving,Against,Against,Against,All Agree,True,True,True,True
309,724819653508358150,#المجتمع_مع_قياده_المراه سؤال يطرح نفسه انتم مع ولا ضد ..؟ #لن_تقودي 🙄😜,Women Driving,None,None,None,All Agree,True,True,True,True
310,912828427161542657,#الملك_ينتصر_لقياده_المراه الآن دور الشباب ينتقمو من أخواتهم لا أوصيك عزيزي الشاب قفل باب سيارة أختك بقوة خليها تنجلط 😂✋🏻,Women Driving,Favor,Favor,Favor,All Agree,True,True,True,True
311,1011393825443590144,بمناسبة قيادة المرأه لسياره في يوم ١٠ /١٠ لوحة سيارتي للبيع ح ل و ١٠١٠ #المرأة_السعوديه_تسوق القيمه لاعلى سعر,Women Driving,Favor,None,None,Majority Agree (2/3),False,False,False,True
312,1010669515317891072,#لن_تقودي مين هذا باقي صامد يكتب لن تقودي ماشاء الله ربي يقويك استمر حبيبي😂😂😂😂😂😂😂😂😂😂😂,Women Driving,Favor,Favor,Favor,All Agree,True,True,True,True
313,912827819029385217,#الملك_ينتصر_لقياده_المراه مناضلات سبقوا زمانهم,Women Driving,Favor,Favor,Favor,All Agree,True,True,True,True
314,724761998441979905,#لن_تقودي تخيلوا ان البنات يسوقون شوفي مين قدامنا ' مين هذيك اللي بالعرس ماسلمت علينا - اصدميها اصدميها,Women Driving,Against,Against,Against,All Agree,True,True,True,True
315,1010671231052517376,يعني عادي عندهم حرمة تمشي برجولها بالشارع معرضه نفسها للخطر ! ولا يشوفونها بسيارتها أكثر آمان عليها ، بكذا وضح إن الهدف ليس خوف عليها ، إنما منعها بأي طريقة من غير مبرر #لن_تقودي,Women Driving,Favor,Favor,Favor,All Agree,True,True,True,True
316,1010672731543744512,#المراه_السعوديه_تسوق هاليوم تاريخي في تاريخ السعوديه وتاريخي لما قررت اخذ صيفي بعد معارضاتي الشديده ، واسوني ي جماعه 💔💔💔💔💔💔,Women Driving,None,Against,Favor,No Agreement,False,False,False,False
317,1010668712217731072,الف الف الف مبروووك يا بنات 😍😍 ليلة تاريخية كأنها ليلة عيد 😭💓💓 #المراه_السعوديه_تسوق,Women Driving,Favor,Favor,Favor,All Agree,True,True,True,True
318,724750656783978496,#لن_تقودي لن تقودي إلا في الشلال وعطالله يافيها سيارات صدام على كيفك 😆😆😆😆,Women Driving,Against,Against,Against,All Agree,True,True,True,True
319,1011027211179233281,#اليوم_السعودي_عالمي_للسواقه #المرأة_السعودية_تقود_السيارة ستقودها بحشمتها وسترها,Women Driving,Favor,Favor,Favor,All Agree,True,True,True,True
320,1010670377129963520,الحين تجيك الأسر المنتجه تبيع جنوط ههههههههههههههههههههههههههههههههههههههههههههههههههههههههههههههههههههههه 😂😂😂 #المراه_السعوديه_تسوق,Women Driving,None,Favor,None,Majority Agree (2/3),False,False,True,False
321,912828154263343107,#الملك_ينتصر_لقياده_المراه احلا قرار😍😍😍 عقبال الأمور الثانيه وتنتهي عرقلة المرأه,Women Driving,Favor,Favor,Favor,All Agree,True,True,True,True
322,724812935915294720,#لن_تقودي يقولك قيادة المرأة يرفضه المجتمع على اساس ان المجتمع عنده برلمان وله حق التصويت على اي قرار ليتك ساكت :),Women Driving,Favor,Favor,Favor,All Agree,True,True,True,True
323,740731249912885248,#سنسوق_فوق_خشومكم لن تقودي لن تقودي الا خارج هالحدودي. #لن_تقودي .,Women Driving,Against,Favor,Against,Majority Agree (2/3),False,False,True,False
324,1011022585461727232,#المراه_السعوديه_تقود_السياره الله لنا 😂😂,Women Driving,Favor,Against,Against,Majority Agree (2/3),False,False,False,True
325,1010672945914662913,يابنات الله يهديكم الي ماتعرف لاتسوق ماهو اجباري ترا #المراه_السعوديه_تسوق,Women Driving,None,Favor,Favor,Majority Agree (2/3),False,False,False,True
326,1010671891533660165,حدث يخدم كثير من بعض النساء لقضاء مستلزماتهن اللهم اعطنا من خيرها واكفنا شرها ☘️ #المراه_السعوديه_تسوق,Women Driving,Favor,Favor,Favor,All Agree,True,True,True,True
327,725108433347862528,#لن_تقودي اصلاً ما نبي نسوق حنا ما سلمنا منكم ياعاهات وحنا نمشي كيف لو سقنا,Women Driving,Against,Against,Against,All Agree,True,True,True,True
328,1011327994097520642,جعلونا نخاف من كل ماهو جديد .. لذلك تخلفنا وتقدموا #قياده_المرأه_السعودية,Women Driving,Favor,Favor,Favor,All Agree,True,True,True,True
329,1010669162660843522,#المراه_السعوديه_تسوق وضعي بكرا 😂😂😂🏃🏻‍♀️🏃🏻‍♀️🏃🏻‍♀️,Women Driving,Favor,Favor,None,Majority Agree (2/3),False,True,False,False
330,724699222273056772,#لن_تقودي والحقيقة اللي معارضين الموضوع هم أول من بينفذه إذا تم مثل مانشوف إذا العائلة نصها مو سعودي اللي برا عادي يسوقون واللي داخل لا,Women Driving,Favor,Favor,Favor,All Agree,True,True,True,True
331,841965013455757313,#قياده_المرأة تتوقعون قريبه ؟ أناأقول فقط مسأل ة وقت واللي يضحكون ب #لن_تقودي راح هم اللي يضحكون ع كلمتهم ذي وراح يقولواتذكرون يوم نقولها🤗,Women Driving,Favor,Favor,Favor,All Agree,True,True,True,True
332,1011020001287942144,#المرأة_السعودية_تسوق قد أساءو للمرأة وكأنها أتت من كوكب آخر ولا يفهمو إن سواقة المرأة تم بموافقةولي أمرناحفظه الله. اليس ولاة أمرنا يهمهم المواطن ويعملوا ليل نهار على راحته. أتمنى ان نترّفه عن التعليقات الساخرة. مادام الأمر جاء من خادم الحرمين الشريفين فعلينا السمع والطاعة,Women Driving,Favor,Favor,Favor,All Agree,True,True,True,True
333,724743526920118272,#لن_تقودي بالرغم أنني ضدها ولكن لكل أب وأخ وزوج امرأه اشبع حاجتها وقم بخدمتها كي تشبع ولا تتجه لها رغبه نحو القياده كن لها عونا لتبقى ملكه👑,Women Driving,Against,Against,Against,All Agree,True,True,True,True
334,1010672505437245440,هدد كسر حطم دمر والعب على أعصابك ثور وحول نفسك جهنم 😆😆😆😆💃🏾💃🏾💃🏾💃🏾💃🏾💃🏾💃🏾💃🏾💃🏾 #لن_تقودي,Women Driving,Favor,Favor,Favor,All Agree,True,True,True,True
335,1010673407560749062,#المراه_السعوديه_تسوق ألف مبروك للمرأة السعودية 👏👏👏🇸🇦,Women Driving,Favor,Favor,Favor,All Agree,True,True,True,True
336,1011335379851595776,مبروك للمرأة السعودية السماح لها بقيادة السيارة، وعقبال حريّة لباسها، وعقبال تحرّر المرأة الإيرانية من الحجاب، وفي كل مناسبة، عقبالنا كلبنانيات تحرّرنا من قوانين الأحوال الشخصية المتخلّفة وسطوة رجال الدين #المرأة_السعوديه_تسوق,Women Driving,Favor,Favor,Favor,All Agree,True,True,True,True
337,853617145703526400,ضد قيادة المراة لانه بيسبب زحمة فوق الزحمة الحين #لن_تقودي #قياده_المراه_فساد_للمجتمع,Women Driving,Against,Against,Against,All Agree,True,True,True,True
338,730073954191282176,#لن_تقودي حسيت اني لازم اتفاعل مع الهشتاق عشان سواقي حيسافر من جد حاسه بضياع #قيادة_المرأة_للسيارة,Women Driving,Favor,None,None,Majority Agree (2/3),False,False,False,True
339,1009385586308845568,تقرير احدى القنوات الهندية media one TV لتغطية رويترز معي عن التحديات التي تواجه المرأة السعودية في القيادة و مدى حاجتها بالاضافة الى معايير اختيار المرأة السعودية السيارة . وصلت للتلفزيون الهندي👳🏿‍♀️.. تخيلت كل السواقين اللي سفرتهم يتابعوني 😫💔 #قيادة_المرأة_السعودية,Women Driving,Favor,None,Favor,Majority Agree (2/3),False,False,True,False
340,724720250554556417,جعلهم مايسقون المراه بيتها ابرك لها من الاهانه بالشوارع🤔 #لن_تقودي,Women Driving,Against,Against,Against,All Agree,True,True,True,True
341,724706693196709889,#لن_تقودي فعلا لن اقود تدرون ليش لان محدثتكم ما تعرف تفتح قفل السياره 😂😂😂🙄🙄,Women Driving,None,None,None,All Agree,True,True,True,True
342,1011006490306600962,احتاج للسياقة نعم مع مراعاة حدود ديني وحجابي والوقت الآمن اللي مسموح اني اطلع فيه مافيها شي. لكن اطلع بأنصاف الليالي واسافر من بلد لبلد من غير محرم عفوا لاضرورة شرعية تبيحه ولا عادات وتقاليد اصيلة ولا حتى محارم يرضونها لنا🤚 #المراه_السعوديه_تسوق,Women Driving,Favor,Favor,Favor,All Agree,True,True,True,True
343,1011030215118741507,#المراه_السعوديه_تسوق عسي ماهو عفيه,Women Driving,Against,Against,Against,All Agree,True,True,True,True
344,1011025299570593793,#المراه_السعوديه_تسوق ألف مبروووك حبيباتي السعوديات 💕💕💕,Women Driving,Favor,Favor,Favor,All Agree,True,True,True,True
345,827301867365363712,#سايق_يعتدي_على_امراه_بالدمام حدوث حالة اعتداء واحدة كفيلة بأن تغير قانون لو كان في بلد غير بلد #لن_تقودي,Women Driving,Against,Favor,Favor,Majority Agree (2/3),False,False,False,True
346,724703756756115456,#لن_تقودي والنهاية يعني من قالكم اكبر همنا السيارات والقيادة .. احنا نحتاج مترو او باصات تساعدنا او تسهل علينا المشاوير من دون سواق وتكاليف,Women Driving,Against,Against,Against,All Agree,True,True,True,True
347,1011347369907183616,#المراه_السعوديه_تقود_السياره يامن وحدتن بتعجب فيه 😷😂🏃🏻,Women Driving,Favor,Against,None,No Agreement,False,False,False,False
348,723315308740677633,#قياده_المراه_قادمه راح نشوف شروط جديدة في عقود الزواج مثل نوع السيارة وقبله موقف الزوج من سياقة زوجتة 🤔🙄 #السماح_بقيادة_المرأة #السعودي,Women Driving,None,None,None,All Agree,True,True,True,True
349,1010672942802489344,#المراه_السعوديه_تسوق من اولها تبي تفضي الشارع😕,Women Driving,Against,Against,Against,All Agree,True,True,True,True
350,724700870139588608,#لن_تقودي قودي المكنسه في السفارات الغربيه ياحقوقيه 😂😂😂,Women Driving,Against,Against,Against,All Agree,True,True,True,True
351,724710930865655808,#لن_تقودي ياليت ننهض بالعلم والاقتصاد ونترك السواقه والسينما,Women Driving,Against,Against,Against,All Agree,True,True,True,True
