row_index,target,gold_label,predicted_label,model_id,parse_success,raw_response
0,Women empowerment,Against,Against,gemma-4-31b,True,Against
1,Digital Transformation,Favor,Favor,gemma-4-31b,True,Favor
2,Covid Vaccine,Against,Against,gemma-4-31b,True,Against
3,Digital Transformation,Favor,Favor,gemma-4-31b,True,Favor
4,Women empowerment,Favor,Favor,gemma-4-31b,True,Favor
5,Digital Transformation,Favor,Favor,gemma-4-31b,True,Favor
6,Digital Transformation,Favor,Favor,gemma-4-31b,True,Favor
7,Digital Transformation,Favor,None,gemma-4-31b,True,None
8,Digital Transformation,Favor,Favor,gemma-4-31b,True,Favor
9,Covid Vaccine,Favor,None,gemma-4-31b,True,None
10,Women empowerment,Against,Against,gemma-4-31b,True,Against
11,Women empowerment,Against,Against,gemma-4-31b,True,Against
12,Covid Vaccine,Against,Against,gemma-4-31b,True,Against
13,Digital Transformation,None,None,gemma-4-31b,True,None
14,Digital Transformation,None,Favor,gemma-4-31b,True,Favor
15,Digital Transformation,Favor,Favor,gemma-4-31b,True,Favor
16,Women empowerment,Favor,Favor,gemma-4-31b,True,Favor
17,Covid Vaccine,Favor,None,gemma-4-31b,True,None
18,Women empowerment,Against,Against,gemma-4-31b,True,Against
19,Covid Vaccine,Against,Against,gemma-4-31b,True,Against
20,Digital Transformation,None,None,gemma-4-31b,True,None
21,Covid Vaccine,Against,Against,gemma-4-31b,True,Against
22,Covid Vaccine,None,Favor,gemma-4-31b,True,Favor
23,Women empowerment,Against,Against,gemma-4-31b,True,Against
24,Digital Transformation,Favor,Favor,gemma-4-31b,True,Favor
25,Digital Transformation,Favor,Favor,gemma-4-31b,True,Favor
26,Women empowerment,Against,Against,gemma-4-31b,True,Against
27,Women empowerment,Against,Against,gemma-4-31b,True,Against
28,Women empowerment,Against,Against,gemma-4-31b,True,Against
29,Women empowerment,None,None,gemma-4-31b,True,None
30,Women empowerment,Against,Against,gemma-4-31b,True,Against
31,Digital Transformation,Favor,Favor,gemma-4-31b,True,Favor
32,Covid Vaccine,Against,Against,gemma-4-31b,True,Against
33,Covid Vaccine,Against,Against,gemma-4-31b,True,Against
34,Covid Vaccine,Against,Against,gemma-4-31b,True,Against
35,Women empowerment,Against,Against,gemma-4-31b,True,Against
36,Digital Transformation,None,None,gemma-4-31b,True,None
37,Digital Transformation,Favor,Favor,gemma-4-31b,True,Favor
38,Covid Vaccine,Against,Against,gemma-4-31b,True,Against
39,Digital Transformation,Favor,Favor,gemma-4-31b,True,Favor
40,Covid Vaccine,Against,Against,gemma-4-31b,True,Against
41,Women empowerment,Against,Against,gemma-4-31b,True,Against
42,Digital Transformation,Against,None,gemma-4-31b,True,None
43,Covid Vaccine,Favor,Favor,gemma-4-31b,True,Favor
44,Women empowerment,Against,Against,gemma-4-31b,True,Against
45,Women empowerment,Against,Against,gemma-4-31b,True,Against
46,Women empowerment,None,None,gemma-4-31b,True,None
47,Digital Transformation,Favor,Favor,gemma-4-31b,True,Favor
48,Digital Transformation,Favor,Favor,gemma-4-31b,True,Favor
49,Women empowerment,Favor,Favor,gemma-4-31b,True,Favor
50,Covid Vaccine,Favor,Against,gemma-4-31b,True,Against
51,Covid Vaccine,Favor,Favor,gemma-4-31b,True,Favor
52,Digital Transformation,Favor,Favor,gemma-4-31b,True,Favor
53,Digital Transformation,Favor,Favor,gemma-4-31b,True,Favor
54,Digital Transformation,Against,Against,gemma-4-31b,True,Against
55,Digital Transformation,None,None,gemma-4-31b,True,None
56,Covid Vaccine,Against,Against,gemma-4-31b,True,Against
57,Digital Transformation,Favor,Favor,gemma-4-31b,True,Favor
58,Covid Vaccine,Against,None,gemma-4-31b,True,None
59,Women empowerment,Favor,Favor,gemma-4-31b,True,Favor
60,Digital Transformation,Favor,Favor,gemma-4-31b,True,Favor
61,Digital Transformation,Favor,Favor,gemma-4-31b,True,Favor
62,Women empowerment,Favor,Favor,gemma-4-31b,True,Favor
63,Women empowerment,Favor,Favor,gemma-4-31b,True,Favor
64,Digital Transformation,Favor,Favor,gemma-4-31b,True,Favor
65,Digital Transformation,Favor,Favor,gemma-4-31b,True,Favor
66,Digital Transformation,Favor,None,gemma-4-31b,True,None
67,Digital Transformation,Favor,Favor,gemma-4-31b,True,Favor
68,Women empowerment,Against,Against,gemma-4-31b,True,Against
69,Digital Transformation,Against,Against,gemma-4-31b,True,Against
70,Digital Transformation,Favor,Favor,gemma-4-31b,True,Favor
71,Women empowerment,Favor,Favor,gemma-4-31b,True,Favor
72,Digital Transformation,Favor,Favor,gemma-4-31b,True,Favor
73,Covid Vaccine,Against,Against,gemma-4-31b,True,Against
75,Women empowerment,Against,Against,gemma-4-31b,True,Against
76,Women empowerment,Against,Against,gemma-4-31b,True,Against
82,Covid Vaccine,Favor,Favor,gemma-4-31b,True,Favor
84,Women empowerment,Favor,Favor,gemma-4-31b,True,Favor
85,Covid Vaccine,Against,Against,gemma-4-31b,True,Against
86,Women empowerment,Against,Against,gemma-4-31b,True,Against
87,Women empowerment,Against,Against,gemma-4-31b,True,Against
94,Covid Vaccine,Against,Against,gemma-4-31b,True,Against
95,Covid Vaccine,None,None,gemma-4-31b,True,None
97,Women empowerment,Against,Against,gemma-4-31b,True,Against
98,Covid Vaccine,None,Against,gemma-4-31b,True,Against
100,Women empowerment,Favor,Favor,gemma-4-31b,True,Favor
101,Women empowerment,None,None,gemma-4-31b,True,None
102,Covid Vaccine,None,None,gemma-4-31b,True,None
103,Covid Vaccine,Favor,Favor,gemma-4-31b,True,Favor
104,Women empowerment,Against,None,gemma-4-31b,True,None
105,Women empowerment,Favor,Favor,gemma-4-31b,True,Favor
106,Women empowerment,Favor,Favor,gemma-4-31b,True,Favor
108,Covid Vaccine,Favor,Favor,gemma-4-31b,True,Favor
110,Covid Vaccine,Favor,Favor,gemma-4-31b,True,Favor
111,Covid Vaccine,Favor,Favor,gemma-4-31b,True,Favor
115,Covid Vaccine,Against,Against,gemma-4-31b,True,Against
119,Covid Vaccine,None,Against,gemma-4-31b,True,Against
122,Covid Vaccine,Against,Against,gemma-4-31b,True,Against
127,Covid Vaccine,Against,Against,gemma-4-31b,True,Against
128,Covid Vaccine,Favor,Favor,gemma-4-31b,True,Favor
