row_index,target,gold_label,predicted_label,ambiguous_flag,model_id,parse_success,raw_response
0,Women Driving,,Against,False,gemma-4-31b-ci-v1-json-format,True,"{""stance"": ""Against"", ""ambiguous"": false}"
1,Women Driving,,Against,False,gemma-4-31b-ci-v1-json-format,True,"{
  ""stance"": ""Against"",
  ""ambiguous"": false
}"
2,Women Driving,,None,True,gemma-4-31b-ci-v1-json-format,True,"{
  ""stance"": ""None"",
  ""ambiguous"": true
}"
3,Women Driving,,Against,False,gemma-4-31b-ci-v1-json-format,True,"{
  ""stance"": ""Against"",
  ""ambiguous"": false
}"
4,Women Driving,,Against,False,gemma-4-31b-ci-v1-json-format,True,"{
  ""stance"": ""Against"",
  ""ambiguous"": false
}"
5,Women Driving,,Favor,False,gemma-4-31b-ci-v1-json-format,True,"{
  ""stance"": ""Favor"",
  ""ambiguous"": false
}"
6,Women Driving,,Against,False,gemma-4-31b-ci-v1-json-format,True,"{
  ""stance"": ""Against"",
  ""ambiguous"": false
}"
7,Women Driving,,Favor,False,gemma-4-31b-ci-v1-json-format,True,"{
  ""stance"": ""Favor"",
  ""ambiguous"": false
}"
8,Women Driving,,Against,False,gemma-4-31b-ci-v1-json-format,True,"{
  ""stance"": ""Against"",
  ""ambiguous"": false
}"
9,Women Driving,,Favor,False,gemma-4-31b-ci-v1-json-format,True,"{
  ""stance"": ""Favor"",
  ""ambiguous"": false
}"
10,Women Driving,,Against,False,gemma-4-31b-ci-v1-json-format,True,"{
  ""stance"": ""Against"",
  ""ambiguous"": false
}"
11,Women Driving,,Against,False,gemma-4-31b-ci-v1-json-format,True,"{
  ""stance"": ""Against"",
  ""ambiguous"": false
}"
12,Women Driving,,Against,False,gemma-4-31b-ci-v1-json-format,True,"{
  ""stance"": ""Against"",
  ""ambiguous"": false
}"
13,Women Driving,,Favor,False,gemma-4-31b-ci-v1-json-format,True,"{
  ""stance"": ""Favor"",
  ""ambiguous"": false
}"
14,Women Driving,,Against,False,gemma-4-31b-ci-v1-json-format,True,"{
  ""stance"": ""Against"",
  ""ambiguous"": false
}"
15,Women Driving,,Against,False,gemma-4-31b-ci-v1-json-format,True,"{
  ""stance"": ""Against"",
  ""ambiguous"": false
}"
16,Women Driving,,Against,False,gemma-4-31b-ci-v1-json-format,True,"{
  ""stance"": ""Against"",
  ""ambiguous"": false
}"
17,Women Driving,,Favor,False,gemma-4-31b-ci-v1-json-format,True,"{
  ""stance"": ""Favor"",
  ""ambiguous"": false
}"
18,Women Driving,,Favor,False,gemma-4-31b-ci-v1-json-format,True,"{
  ""stance"": ""Favor"",
  ""ambiguous"": false
}"
19,Women Driving,,Favor,False,gemma-4-31b-ci-v1-json-format,True,"{""stance"": ""Favor"", ""ambiguous"": false}"
20,Women Driving,,None,True,gemma-4-31b-ci-v1-json-format,True,"{
  ""stance"": ""None"",
  ""ambiguous"": true
}"
21,Women Driving,,Favor,False,gemma-4-31b-ci-v1-json-format,True,"{
  ""stance"": ""Favor"",
  ""ambiguous"": false
}"
22,Women Driving,,Against,False,gemma-4-31b-ci-v1-json-format,True,"{
  ""stance"": ""Against"",
  ""ambiguous"": false
}"
23,Women Driving,,Against,False,gemma-4-31b-ci-v1-json-format,True,"{
  ""stance"": ""Against"",
  ""ambiguous"": false
}"
24,Women Driving,,Against,False,gemma-4-31b-ci-v1-json-format,True,"{
  ""stance"": ""Against"",
  ""ambiguous"": false
}"
25,Women Driving,,Favor,False,gemma-4-31b-ci-v1-json-format,True,"{
  ""stance"": ""Favor"",
  ""ambiguous"": false
}"
26,Women Driving,,Favor,False,gemma-4-31b-ci-v1-json-format,True,"{
  ""stance"": ""Favor"",
  ""ambiguous"": false
}"
27,Women Driving,,Against,False,gemma-4-31b-ci-v1-json-format,True,"{
  ""stance"": ""Against"",
  ""ambiguous"": false
}"
28,Women Driving,,Favor,False,gemma-4-31b-ci-v1-json-format,True,"{
  ""stance"": ""Favor"",
  ""ambiguous"": false
}"
29,Women Driving,,Favor,False,gemma-4-31b-ci-v1-json-format,True,"{
  ""stance"": ""Favor"",
  ""ambiguous"": false
}"
30,Women Driving,,Against,False,gemma-4-31b-ci-v1-json-format,True,"{
  ""stance"": ""Against"",
  ""ambiguous"": false
}"
31,Women Driving,,Against,False,gemma-4-31b-ci-v1-json-format,True,"{
""stance"": ""Against"",
""ambiguous"": false
}"
32,Women Driving,,Favor,False,gemma-4-31b-ci-v1-json-format,True,"{
  ""stance"": ""Favor"",
  ""ambiguous"": false
}"
33,Women Driving,,Against,False,gemma-4-31b-ci-v1-json-format,True,"{
  ""stance"": ""Against"",
  ""ambiguous"": false
}"
34,Women Driving,,Against,False,gemma-4-31b-ci-v1-json-format,True,"{
  ""stance"": ""Against"",
  ""ambiguous"": false
}"
35,Women Driving,,Against,False,gemma-4-31b-ci-v1-json-format,True,"{
  ""stance"": ""Against"",
  ""ambiguous"": false
}"
36,Women Driving,,Against,False,gemma-4-31b-ci-v1-json-format,True,"{
  ""stance"": ""Against"",
  ""ambiguous"": false
}"
37,Women Driving,,None,False,gemma-4-31b-ci-v1-json-format,True,"{
  ""stance"": ""None"",
  ""ambiguous"": false
}"
38,Women Driving,,Favor,False,gemma-4-31b-ci-v1-json-format,True,"{
  ""stance"": ""Favor"",
  ""ambiguous"": false
}"
39,Women Driving,,Against,False,gemma-4-31b-ci-v1-json-format,True,"{
  ""stance"": ""Against"",
  ""ambiguous"": false
}"
40,Women Driving,,Against,False,gemma-4-31b-ci-v1-json-format,True,"{
  ""stance"": ""Against"",
  ""ambiguous"": false
}"
41,Women Driving,,Against,False,gemma-4-31b-ci-v1-json-format,True,"{
  ""stance"": ""Against"",
  ""ambiguous"": false
}"
42,Women Driving,,Favor,False,gemma-4-31b-ci-v1-json-format,True,"{
  ""stance"": ""Favor"",
  ""ambiguous"": false
}"
43,Women Driving,,Favor,False,gemma-4-31b-ci-v1-json-format,True,"{
  ""stance"": ""Favor"",
  ""ambiguous"": false
}"
44,Women Driving,,Against,False,gemma-4-31b-ci-v1-json-format,True,"{
  ""stance"": ""Against"",
  ""ambiguous"": false
}"
45,Women Driving,,Favor,False,gemma-4-31b-ci-v1-json-format,True,"{
  ""stance"": ""Favor"",
  ""ambiguous"": false
}"
46,Women Driving,,Against,False,gemma-4-31b-ci-v1-json-format,True,"{
  ""stance"": ""Against"",
  ""ambiguous"": false
}"
47,Women Driving,,Favor,False,gemma-4-31b-ci-v1-json-format,True,"{
""stance"": ""Favor"",
""ambiguous"": false
}"
48,Women Driving,,Against,False,gemma-4-31b-ci-v1-json-format,True,"{
  ""stance"": ""Against"",
  ""ambiguous"": false
}"
49,Women Driving,,Against,False,gemma-4-31b-ci-v1-json-format,True,"{
  ""stance"": ""Against"",
  ""ambiguous"": false
}"
50,Women Driving,,Against,False,gemma-4-31b-ci-v1-json-format,True,"{
  ""stance"": ""Against"",
  ""ambiguous"": false
}"
51,Women Driving,,Favor,False,gemma-4-31b-ci-v1-json-format,True,"{
  ""stance"": ""Favor"",
  ""ambiguous"": false
}"
52,Women Driving,,Against,False,gemma-4-31b-ci-v1-json-format,True,"{
  ""stance"": ""Against"",
  ""ambiguous"": false
}"
53,Women Driving,,Against,False,gemma-4-31b-ci-v1-json-format,True,"{
 ""stance"": ""Against"",
 ""ambiguous"": false
}"
54,Women Driving,,Against,False,gemma-4-31b-ci-v1-json-format,True,"{
  ""stance"": ""Against"",
  ""ambiguous"": false
}"
55,Women Driving,,Against,False,gemma-4-31b-ci-v1-json-format,True,"{
  ""stance"": ""Against"",
  ""ambiguous"": false
}"
56,Women Driving,,Favor,False,gemma-4-31b-ci-v1-json-format,True,"{
  ""stance"": ""Favor"",
  ""ambiguous"": false
}"
57,Women Driving,,Against,False,gemma-4-31b-ci-v1-json-format,True,"{
  ""stance"": ""Against"",
  ""ambiguous"": false
}"
58,Women Driving,,Favor,False,gemma-4-31b-ci-v1-json-format,True,"{
  ""stance"": ""Favor"",
  ""ambiguous"": false
}"
59,Women Driving,,Favor,False,gemma-4-31b-ci-v1-json-format,True,"{
  ""stance"": ""Favor"",
  ""ambiguous"": false
}"
60,Women Driving,,Against,False,gemma-4-31b-ci-v1-json-format,True,"{
  ""stance"": ""Against"",
  ""ambiguous"": false
}"
61,Women Driving,,Against,False,gemma-4-31b-ci-v1-json-format,True,"{
  ""stance"": ""Against"",
  ""ambiguous"": false
}"
62,Women Driving,,Against,False,gemma-4-31b-ci-v1-json-format,True,"{
  ""stance"": ""Against"",
  ""ambiguous"": false
}"
63,Women Driving,,Against,False,gemma-4-31b-ci-v1-json-format,True,"{""stance"": ""Against"", ""ambiguous"": false}"
64,Women Driving,,Favor,False,gemma-4-31b-ci-v1-json-format,True,"{
  ""stance"": ""Favor"",
  ""ambiguous"": false
}"
65,Women Driving,,Against,False,gemma-4-31b-ci-v1-json-format,True,"{
  ""stance"": ""Against"",
  ""ambiguous"": false
}"
66,Women Driving,,Favor,False,gemma-4-31b-ci-v1-json-format,True,"{
  ""stance"": ""Favor"",
  ""ambiguous"": false
}"
67,Women Driving,,Against,False,gemma-4-31b-ci-v1-json-format,True,"{
  ""stance"": ""Against"",
  ""ambiguous"": false
}"
68,Women Driving,,Favor,False,gemma-4-31b-ci-v1-json-format,True,"{
  ""stance"": ""Favor"",
  ""ambiguous"": false
}"
69,Women Driving,,Against,False,gemma-4-31b-ci-v1-json-format,True,"{
  ""stance"": ""Against"",
  ""ambiguous"": false
}"
70,Women Driving,,Favor,True,gemma-4-31b-ci-v1-json-format,True,"{
  ""stance"": ""Favor"",
  ""ambiguous"": true
}"
71,Women Driving,,Against,False,gemma-4-31b-ci-v1-json-format,True,"{
  ""stance"": ""Against"",
  ""ambiguous"": false
}"
72,Women Driving,,Favor,False,gemma-4-31b-ci-v1-json-format,True,"{
  ""stance"": ""Favor"",
  ""ambiguous"": false
}"
73,Women Driving,,Favor,False,gemma-4-31b-ci-v1-json-format,True,"{
  ""stance"": ""Favor"",
  ""ambiguous"": false
}"
74,Women Driving,,None,True,gemma-4-31b-ci-v1-json-format,True,"{
  ""stance"": ""None"",
  ""ambiguous"": true
}"
75,Women Driving,,Favor,False,gemma-4-31b-ci-v1-json-format,True,"{
  ""stance"": ""Favor"",
  ""ambiguous"": false
}"
76,Women Driving,,Favor,False,gemma-4-31b-ci-v1-json-format,True,"{
  ""stance"": ""Favor"",
  ""ambiguous"": false
}"
77,Women Driving,,Against,False,gemma-4-31b-ci-v1-json-format,True,"{
  ""stance"": ""Against"",
  ""ambiguous"": false
}"
78,Women Driving,,Against,False,gemma-4-31b-ci-v1-json-format,True,"{
  ""stance"": ""Against"",
  ""ambiguous"": false
}"
79,Women Driving,,Against,False,gemma-4-31b-ci-v1-json-format,True,"{
  ""stance"": ""Against"",
  ""ambiguous"": false
}"
80,Women Driving,,Against,False,gemma-4-31b-ci-v1-json-format,True,"{
  ""stance"": ""Against"",
  ""ambiguous"": false
}"
81,Women Driving,,Favor,False,gemma-4-31b-ci-v1-json-format,True,"{
  ""stance"": ""Favor"",
  ""ambiguous"": false
}"
82,Women Driving,,Against,False,gemma-4-31b-ci-v1-json-format,True,"{
  ""stance"": ""Against"",
  ""ambiguous"": false
}"
83,Women Driving,,Favor,False,gemma-4-31b-ci-v1-json-format,True,"{
  ""stance"": ""Favor"",
  ""ambiguous"": false
}"
84,Women Driving,,Against,False,gemma-4-31b-ci-v1-json-format,True,"{
  ""stance"": ""Against"",
  ""ambiguous"": false
}"
85,Women Driving,,Favor,False,gemma-4-31b-ci-v1-json-format,True,"{
  ""stance"": ""Favor"",
  ""ambiguous"": false
}"
86,Women Driving,,Favor,False,gemma-4-31b-ci-v1-json-format,True,"{
  ""stance"": ""Favor"",
  ""ambiguous"": false
}"
87,Women Driving,,Favor,False,gemma-4-31b-ci-v1-json-format,True,"{
  ""stance"": ""Favor"",
  ""ambiguous"": false
}"
88,Women Driving,,Favor,False,gemma-4-31b-ci-v1-json-format,True,"{
  ""stance"": ""Favor"",
  ""ambiguous"": false
}"
89,Women Driving,,Against,False,gemma-4-31b-ci-v1-json-format,True,"{
  ""stance"": ""Against"",
  ""ambiguous"": false
}"
90,Women Driving,,Favor,False,gemma-4-31b-ci-v1-json-format,True,"{
  ""stance"": ""Favor"",
  ""ambiguous"": false
}"
91,Women Driving,,Against,False,gemma-4-31b-ci-v1-json-format,True,"{
  ""stance"": ""Against"",
  ""ambiguous"": false
}"
92,Women Driving,,Favor,False,gemma-4-31b-ci-v1-json-format,True,"{
  ""stance"": ""Favor"",
  ""ambiguous"": false
}"
93,Women Driving,,Favor,False,gemma-4-31b-ci-v1-json-format,True,"{
  ""stance"": ""Favor"",
  ""ambiguous"": false
}"
94,Women Driving,,Against,False,gemma-4-31b-ci-v1-json-format,True,"{
  ""stance"": ""Against"",
  ""ambiguous"": false
}"
95,Women Driving,,Against,False,gemma-4-31b-ci-v1-json-format,True,"{
  ""stance"": ""Against"",
  ""ambiguous"": false
}"
96,Women Driving,,Against,False,gemma-4-31b-ci-v1-json-format,True,"{
  ""stance"": ""Against"",
  ""ambiguous"": false
}"
97,Women Driving,,Favor,False,gemma-4-31b-ci-v1-json-format,True,"{
  ""stance"": ""Favor"",
  ""ambiguous"": false
}"
98,Women Driving,,Against,False,gemma-4-31b-ci-v1-json-format,True,"{
  ""stance"": ""Against"",
  ""ambiguous"": false
}"
99,Women Driving,,Favor,False,gemma-4-31b-ci-v1-json-format,True,"{
  ""stance"": ""Favor"",
  ""ambiguous"": false
}"
100,Women Driving,,None,True,gemma-4-31b-ci-v1-json-format,True,"{
  ""stance"": ""None"",
  ""ambiguous"": true
}"
101,Women Driving,,Favor,False,gemma-4-31b-ci-v1-json-format,True,"{
  ""stance"": ""Favor"",
  ""ambiguous"": false
}"
102,Women Driving,,Favor,False,gemma-4-31b-ci-v1-json-format,True,"{
  ""stance"": ""Favor"",
  ""ambiguous"": false
}"
103,Women Driving,,Favor,False,gemma-4-31b-ci-v1-json-format,True,"{
  ""stance"": ""Favor"",
  ""ambiguous"": false
}"
104,Women Driving,,Against,False,gemma-4-31b-ci-v1-json-format,True,"{
  ""stance"": ""Against"",
  ""ambiguous"": false
}"
105,Women Driving,,Against,False,gemma-4-31b-ci-v1-json-format,True,"{
  ""stance"": ""Against"",
  ""ambiguous"": false
}"
106,Women Driving,,Against,False,gemma-4-31b-ci-v1-json-format,True,"{
  ""stance"": ""Against"",
  ""ambiguous"": false
}"
107,Women Driving,,Favor,False,gemma-4-31b-ci-v1-json-format,True,"{""stance"": ""Favor"", ""ambiguous"": false}"
108,Women Driving,,Favor,False,gemma-4-31b-ci-v1-json-format,True,"{
  ""stance"": ""Favor"",
  ""ambiguous"": false
}"
109,Women Driving,,Against,False,gemma-4-31b-ci-v1-json-format,True,"{
  ""stance"": ""Against"",
  ""ambiguous"": false
}"
110,Women Driving,,Against,False,gemma-4-31b-ci-v1-json-format,True,"{
  ""stance"": ""Against"",
  ""ambiguous"": false
}"
111,Women Driving,,None,True,gemma-4-31b-ci-v1-json-format,True,"{
  ""stance"": ""None"",
  ""ambiguous"": true
}"
112,Women Driving,,Against,False,gemma-4-31b-ci-v1-json-format,True,"{
  ""stance"": ""Against"",
  ""ambiguous"": false
}"
113,Women Driving,,Favor,False,gemma-4-31b-ci-v1-json-format,True,"{
  ""stance"": ""Favor"",
  ""ambiguous"": false
}"
114,Women Driving,,Favor,False,gemma-4-31b-ci-v1-json-format,True,"{
  ""stance"": ""Favor"",
  ""ambiguous"": false
}"
115,Women Driving,,Favor,False,gemma-4-31b-ci-v1-json-format,True,"{
  ""stance"": ""Favor"",
  ""ambiguous"": false
}"
116,Women Driving,,Against,False,gemma-4-31b-ci-v1-json-format,True,"{
  ""stance"": ""Against"",
  ""ambiguous"": false
}"
117,Women Driving,,Against,False,gemma-4-31b-ci-v1-json-format,True,"{
  ""stance"": ""Against"",
  ""ambiguous"": false
}"
118,Women Driving,,Against,False,gemma-4-31b-ci-v1-json-format,True,"{
  ""stance"": ""Against"",
  ""ambiguous"": false
}"
119,Women Driving,,Against,False,gemma-4-31b-ci-v1-json-format,True,"{
  ""stance"": ""Against"",
  ""ambiguous"": false
}"
120,Women Driving,,Against,False,gemma-4-31b-ci-v1-json-format,True,"{
  ""stance"": ""Against"",
  ""ambiguous"": false
}"
121,Women Driving,,Favor,False,gemma-4-31b-ci-v1-json-format,True,"{
  ""stance"": ""Favor"",
  ""ambiguous"": false
}"
122,Women Driving,,Favor,False,gemma-4-31b-ci-v1-json-format,True,"{
  ""stance"": ""Favor"",
  ""ambiguous"": false
}"
123,Women Driving,,Favor,False,gemma-4-31b-ci-v1-json-format,True,"{
  ""stance"": ""Favor"",
  ""ambiguous"": false
}"
124,Women Driving,,Against,False,gemma-4-31b-ci-v1-json-format,True,"{
  ""stance"": ""Against"",
  ""ambiguous"": false
}"
125,Women Driving,,Favor,False,gemma-4-31b-ci-v1-json-format,True,"{
  ""stance"": ""Favor"",
  ""ambiguous"": false
}"
126,Women Driving,,Favor,False,gemma-4-31b-ci-v1-json-format,True,"{
  ""stance"": ""Favor"",
  ""ambiguous"": false
}"
127,Women Driving,,Against,False,gemma-4-31b-ci-v1-json-format,True,"{
  ""stance"": ""Against"",
  ""ambiguous"": false
}"
128,Women Driving,,Favor,False,gemma-4-31b-ci-v1-json-format,True,"{
  ""stance"": ""Favor"",
  ""ambiguous"": false
}"
129,Women Driving,,Favor,False,gemma-4-31b-ci-v1-json-format,True,"{
  ""stance"": ""Favor"",
  ""ambiguous"": false
}"
130,Women Driving,,Against,False,gemma-4-31b-ci-v1-json-format,True,"{
  ""stance"": ""Against"",
  ""ambiguous"": false
}"
131,Women Driving,,Against,False,gemma-4-31b-ci-v1-json-format,True,"{
  ""stance"": ""Against"",
  ""ambiguous"": false
}"
132,Women Driving,,Against,False,gemma-4-31b-ci-v1-json-format,True,"{
  ""stance"": ""Against"",
  ""ambiguous"": false
}"
133,Women Driving,,Favor,False,gemma-4-31b-ci-v1-json-format,True,"{
  ""stance"": ""Favor"",
  ""ambiguous"": false
}"
134,Women Driving,,Favor,False,gemma-4-31b-ci-v1-json-format,True,"{
  ""stance"": ""Favor"",
  ""ambiguous"": false
}"
135,Women Driving,,Favor,False,gemma-4-31b-ci-v1-json-format,True,"{
  ""stance"": ""Favor"",
  ""ambiguous"": false
}"
136,Women Driving,,Against,False,gemma-4-31b-ci-v1-json-format,True,"{
  ""stance"": ""Against"",
  ""ambiguous"": false
}"
137,Women Driving,,Against,False,gemma-4-31b-ci-v1-json-format,True,"{
  ""stance"": ""Against"",
  ""ambiguous"": false
}"
138,Women Driving,,Favor,False,gemma-4-31b-ci-v1-json-format,True,"{
  ""stance"": ""Favor"",
  ""ambiguous"": false
}"
139,Women Driving,,Favor,False,gemma-4-31b-ci-v1-json-format,True,"{
  ""stance"": ""Favor"",
  ""ambiguous"": false
}"
140,Women Driving,,Against,False,gemma-4-31b-ci-v1-json-format,True,"{
  ""stance"": ""Against"",
  ""ambiguous"": false
}"
141,Women Driving,,Favor,False,gemma-4-31b-ci-v1-json-format,True,"{
  ""stance"": ""Favor"",
  ""ambiguous"": false
}"
142,Women Driving,,Against,False,gemma-4-31b-ci-v1-json-format,True,"{
  ""stance"": ""Against"",
  ""ambiguous"": false
}"
143,Women Driving,,Against,False,gemma-4-31b-ci-v1-json-format,True,"{
  ""stance"": ""Against"",
  ""ambiguous"": false
}"
144,Women Driving,,Against,False,gemma-4-31b-ci-v1-json-format,True,"{
  ""stance"": ""Against"",
  ""ambiguous"": false
}"
145,Women Driving,,Favor,False,gemma-4-31b-ci-v1-json-format,True,"{
  ""stance"": ""Favor"",
  ""ambiguous"": false
}"
146,Women Driving,,Against,False,gemma-4-31b-ci-v1-json-format,True,"{
  ""stance"": ""Against"",
  ""ambiguous"": false
}"
147,Women Driving,,Favor,False,gemma-4-31b-ci-v1-json-format,True,"{
  ""stance"": ""Favor"",
  ""ambiguous"": false
}"
148,Women Driving,,Favor,False,gemma-4-31b-ci-v1-json-format,True,"{
  ""stance"": ""Favor"",
  ""ambiguous"": false
}"
149,Women Driving,,Favor,False,gemma-4-31b-ci-v1-json-format,True,"{
  ""stance"": ""Favor"",
  ""ambiguous"": false
}"
150,Women Driving,,Favor,False,gemma-4-31b-ci-v1-json-format,True,"{
  ""stance"": ""Favor"",
  ""ambiguous"": false
}"
151,Women Driving,,Against,False,gemma-4-31b-ci-v1-json-format,True,"{
  ""stance"": ""Against"",
  ""ambiguous"": false
}"
152,Women Driving,,Against,False,gemma-4-31b-ci-v1-json-format,True,"{
  ""stance"": ""Against"",
  ""ambiguous"": false
}"
153,Women Driving,,Favor,False,gemma-4-31b-ci-v1-json-format,True,"{
  ""stance"": ""Favor"",
  ""ambiguous"": false
}"
154,Women Driving,,Favor,False,gemma-4-31b-ci-v1-json-format,True,"{
  ""stance"": ""Favor"",
  ""ambiguous"": false
}"
155,Women Driving,,Favor,False,gemma-4-31b-ci-v1-json-format,True,"{
  ""stance"": ""Favor"",
  ""ambiguous"": false
}"
156,Women Driving,,Favor,False,gemma-4-31b-ci-v1-json-format,True,"{
  ""stance"": ""Favor"",
  ""ambiguous"": false
}"
157,Women Driving,,Against,False,gemma-4-31b-ci-v1-json-format,True,"{
  ""stance"": ""Against"",
  ""ambiguous"": false
}"
158,Women Driving,,Favor,False,gemma-4-31b-ci-v1-json-format,True,"{
  ""stance"": ""Favor"",
  ""ambiguous"": false
}"
159,Women Driving,,Favor,False,gemma-4-31b-ci-v1-json-format,True,"{
  ""stance"": ""Favor"",
  ""ambiguous"": false
}"
160,Women Driving,,Against,False,gemma-4-31b-ci-v1-json-format,True,"{
  ""stance"": ""Against"",
  ""ambiguous"": false
}"
161,Women Driving,,Against,False,gemma-4-31b-ci-v1-json-format,True,"{
  ""stance"": ""Against"",
  ""ambiguous"": false
}"
162,Women Driving,,Favor,False,gemma-4-31b-ci-v1-json-format,True,"{
  ""stance"": ""Favor"",
  ""ambiguous"": false
}"
163,Women Driving,,Favor,False,gemma-4-31b-ci-v1-json-format,True,"{
  ""stance"": ""Favor"",
  ""ambiguous"": false
}"
164,Women Driving,,Against,False,gemma-4-31b-ci-v1-json-format,True,"{
  ""stance"": ""Against"",
  ""ambiguous"": false
}"
165,Women Driving,,Against,False,gemma-4-31b-ci-v1-json-format,True,"{
  ""stance"": ""Against"",
  ""ambiguous"": false
}"
166,Women Driving,,Against,False,gemma-4-31b-ci-v1-json-format,True,"{
  ""stance"": ""Against"",
  ""ambiguous"": false
}"
167,Women Driving,,Against,False,gemma-4-31b-ci-v1-json-format,True,"{
  ""stance"": ""Against"",
  ""ambiguous"": false
}"
168,Women Driving,,Favor,False,gemma-4-31b-ci-v1-json-format,True,"{
  ""stance"": ""Favor"",
  ""ambiguous"": false
}"
169,Women Driving,,Favor,False,gemma-4-31b-ci-v1-json-format,True,"{
  ""stance"": ""Favor"",
  ""ambiguous"": false
}"
170,Women Driving,,Favor,False,gemma-4-31b-ci-v1-json-format,True,"{
  ""stance"": ""Favor"",
  ""ambiguous"": false
}"
171,Women Driving,,Against,False,gemma-4-31b-ci-v1-json-format,True,"{
  ""stance"": ""Against"",
  ""ambiguous"": false
}"
172,Women Driving,,Against,False,gemma-4-31b-ci-v1-json-format,True,"{
  ""stance"": ""Against"",
  ""ambiguous"": false
}"
173,Women Driving,,Against,False,gemma-4-31b-ci-v1-json-format,True,"{
  ""stance"": ""Against"",
  ""ambiguous"": false
}"
174,Women Driving,,Favor,False,gemma-4-31b-ci-v1-json-format,True,"{""stance"": ""Favor"", ""ambiguous"": false}"
175,Women Driving,,Favor,False,gemma-4-31b-ci-v1-json-format,True,"{
  ""stance"": ""Favor"",
  ""ambiguous"": false
}"
176,Women Driving,,Against,False,gemma-4-31b-ci-v1-json-format,True,"{
  ""stance"": ""Against"",
  ""ambiguous"": false
}"
177,Women Driving,,Against,False,gemma-4-31b-ci-v1-json-format,True,"{
  ""stance"": ""Against"",
  ""ambiguous"": false
}"
178,Women Driving,,Favor,False,gemma-4-31b-ci-v1-json-format,True,"{
  ""stance"": ""Favor"",
  ""ambiguous"": false
}"
179,Women Driving,,Against,False,gemma-4-31b-ci-v1-json-format,True,"{
  ""stance"": ""Against"",
  ""ambiguous"": false
}"
180,Women Driving,,Favor,False,gemma-4-31b-ci-v1-json-format,True,"{
  ""stance"": ""Favor"",
  ""ambiguous"": false
}"
181,Women Driving,,Favor,False,gemma-4-31b-ci-v1-json-format,True,"{
  ""stance"": ""Favor"",
  ""ambiguous"": false
}"
182,Women Driving,,Against,False,gemma-4-31b-ci-v1-json-format,True,"{
""stance"": ""Against"",
""ambiguous"": false
}"
183,Women Driving,,Against,False,gemma-4-31b-ci-v1-json-format,True,"{
  ""stance"": ""Against"",
  ""ambiguous"": false
}"
184,Women Driving,,Favor,False,gemma-4-31b-ci-v1-json-format,True,"{
  ""stance"": ""Favor"",
  ""ambiguous"": false
}"
185,Women Driving,,Against,False,gemma-4-31b-ci-v1-json-format,True,"{
  ""stance"": ""Against"",
  ""ambiguous"": false
}"
186,Women Driving,,Favor,False,gemma-4-31b-ci-v1-json-format,True,"{
  ""stance"": ""Favor"",
  ""ambiguous"": false
}"
187,Women Driving,,Favor,False,gemma-4-31b-ci-v1-json-format,True,"{
  ""stance"": ""Favor"",
  ""ambiguous"": false
}"
188,Women Driving,,Favor,False,gemma-4-31b-ci-v1-json-format,True,"{
  ""stance"": ""Favor"",
  ""ambiguous"": false
}"
189,Women Driving,,Against,False,gemma-4-31b-ci-v1-json-format,True,"{
  ""stance"": ""Against"",
  ""ambiguous"": false
}"
190,Women Driving,,Against,False,gemma-4-31b-ci-v1-json-format,True,"{
  ""stance"": ""Against"",
  ""ambiguous"": false
}"
191,Women Driving,,Favor,False,gemma-4-31b-ci-v1-json-format,True,"{
  ""stance"": ""Favor"",
  ""ambiguous"": false
}"
192,Women Driving,,Against,False,gemma-4-31b-ci-v1-json-format,True,"{
  ""stance"": ""Against"",
  ""ambiguous"": false
}"
193,Women Driving,,Favor,False,gemma-4-31b-ci-v1-json-format,True,"{
  ""stance"": ""Favor"",
  ""ambiguous"": false
}"
194,Women Driving,,Against,False,gemma-4-31b-ci-v1-json-format,True,"{
  ""stance"": ""Against"",
  ""ambiguous"": false
}"
195,Women Driving,,Against,False,gemma-4-31b-ci-v1-json-format,True,"{
  ""stance"": ""Against"",
  ""ambiguous"": false
}"
196,Women Driving,,Favor,False,gemma-4-31b-ci-v1-json-format,True,"{
  ""stance"": ""Favor"",
  ""ambiguous"": false
}"
197,Women Driving,,Favor,False,gemma-4-31b-ci-v1-json-format,True,"{
  ""stance"": ""Favor"",
  ""ambiguous"": false
}"
198,Women Driving,,Against,False,gemma-4-31b-ci-v1-json-format,True,"{
  ""stance"": ""Against"",
  ""ambiguous"": false
}"
199,Women Driving,,Against,False,gemma-4-31b-ci-v1-json-format,True,"{
  ""stance"": ""Against"",
  ""ambiguous"": false
}"
200,Women Driving,,Favor,False,gemma-4-31b-ci-v1-json-format,True,"{
  ""stance"": ""Favor"",
  ""ambiguous"": false
}"
201,Women Driving,,Favor,False,gemma-4-31b-ci-v1-json-format,True,"{
  ""stance"": ""Favor"",
  ""ambiguous"": false
}"
202,Women Driving,,Against,False,gemma-4-31b-ci-v1-json-format,True,"{
  ""stance"": ""Against"",
  ""ambiguous"": false
}"
203,Women Driving,,Against,False,gemma-4-31b-ci-v1-json-format,True,"{
  ""stance"": ""Against"",
  ""ambiguous"": false
}"
204,Women Driving,,None,False,gemma-4-31b-ci-v1-json-format,True,"{
  ""stance"": ""None"",
  ""ambiguous"": false
}"
205,Women Driving,,Against,False,gemma-4-31b-ci-v1-json-format,True,"{
  ""stance"": ""Against"",
  ""ambiguous"": false
}"
206,Women Driving,,Favor,False,gemma-4-31b-ci-v1-json-format,True,"{
  ""stance"": ""Favor"",
  ""ambiguous"": false
}"
207,Women Driving,,Favor,False,gemma-4-31b-ci-v1-json-format,True,"{
  ""stance"": ""Favor"",
  ""ambiguous"": false
}"
208,Women Driving,,Favor,False,gemma-4-31b-ci-v1-json-format,True,"{
  ""stance"": ""Favor"",
  ""ambiguous"": false
}"
209,Women Driving,,Against,False,gemma-4-31b-ci-v1-json-format,True,"{
  ""stance"": ""Against"",
  ""ambiguous"": false
}"
210,Women Driving,,Favor,False,gemma-4-31b-ci-v1-json-format,True,"{
  ""stance"": ""Favor"",
  ""ambiguous"": false
}"
211,Women Driving,,Favor,False,gemma-4-31b-ci-v1-json-format,True,"{
  ""stance"": ""Favor"",
  ""ambiguous"": false
}"
212,Women Driving,,None,False,gemma-4-31b-ci-v1-json-format,True,"{
  ""stance"": ""None"",
  ""ambiguous"": false
}"
213,Women Driving,,Favor,False,gemma-4-31b-ci-v1-json-format,True,"{
  ""stance"": ""Favor"",
  ""ambiguous"": false
}"
214,Women Driving,,Favor,False,gemma-4-31b-ci-v1-json-format,True,"{
  ""stance"": ""Favor"",
  ""ambiguous"": false
}"
215,Women Driving,,Against,False,gemma-4-31b-ci-v1-json-format,True,"{
  ""stance"": ""Against"",
  ""ambiguous"": false
}"
216,Women Driving,,Favor,False,gemma-4-31b-ci-v1-json-format,True,"{
  ""stance"": ""Favor"",
  ""ambiguous"": false
}"
217,Women Driving,,Against,False,gemma-4-31b-ci-v1-json-format,True,"{
  ""stance"": ""Against"",
  ""ambiguous"": false
}"
218,Women Driving,,Favor,False,gemma-4-31b-ci-v1-json-format,True,"{
  ""stance"": ""Favor"",
  ""ambiguous"": false
}"
219,Women Driving,,Favor,False,gemma-4-31b-ci-v1-json-format,True,"{
  ""stance"": ""Favor"",
  ""ambiguous"": false
}"
220,Women Driving,,Against,False,gemma-4-31b-ci-v1-json-format,True,"{
  ""stance"": ""Against"",
  ""ambiguous"": false
}"
221,Women Driving,,Against,False,gemma-4-31b-ci-v1-json-format,True,"{""stance"": ""Against"", ""ambiguous"": false}"
222,Women Driving,,Favor,False,gemma-4-31b-ci-v1-json-format,True,"{
  ""stance"": ""Favor"",
  ""ambiguous"": false
}"
223,Women Driving,,Favor,False,gemma-4-31b-ci-v1-json-format,True,"{
  ""stance"": ""Favor"",
  ""ambiguous"": false
}"
224,Women Driving,,Favor,False,gemma-4-31b-ci-v1-json-format,True,"{
  ""stance"": ""Favor"",
  ""ambiguous"": false
}"
225,Women Driving,,Favor,False,gemma-4-31b-ci-v1-json-format,True,"{
  ""stance"": ""Favor"",
  ""ambiguous"": false
}"
226,Women Driving,,Against,False,gemma-4-31b-ci-v1-json-format,True,"{
  ""stance"": ""Against"",
  ""ambiguous"": false
}"
227,Women Driving,,Against,False,gemma-4-31b-ci-v1-json-format,True,"{
  ""stance"": ""Against"",
  ""ambiguous"": false
}"
228,Women Driving,,Favor,False,gemma-4-31b-ci-v1-json-format,True,"{
  ""stance"": ""Favor"",
  ""ambiguous"": false
}"
229,Women Driving,,Against,False,gemma-4-31b-ci-v1-json-format,True,"{
  ""stance"": ""Against"",
  ""ambiguous"": false
}"
230,Women Driving,,Favor,False,gemma-4-31b-ci-v1-json-format,True,"{
  ""stance"": ""Favor"",
  ""ambiguous"": false
}"
231,Women Driving,,Favor,False,gemma-4-31b-ci-v1-json-format,True,"{
  ""stance"": ""Favor"",
  ""ambiguous"": false
}"
232,Women Driving,,Favor,False,gemma-4-31b-ci-v1-json-format,True,"{
  ""stance"": ""Favor"",
  ""ambiguous"": false
}"
233,Women Driving,,Favor,False,gemma-4-31b-ci-v1-json-format,True,"{
  ""stance"": ""Favor"",
  ""ambiguous"": false
}"
234,Women Driving,,Against,False,gemma-4-31b-ci-v1-json-format,True,"{
  ""stance"": ""Against"",
  ""ambiguous"": false
}"
235,Women Driving,,Favor,False,gemma-4-31b-ci-v1-json-format,True,"{
  ""stance"": ""Favor"",
  ""ambiguous"": false
}"
236,Women Driving,,Against,False,gemma-4-31b-ci-v1-json-format,True,"{
  ""stance"": ""Against"",
  ""ambiguous"": false
}"
237,Women Driving,,Against,False,gemma-4-31b-ci-v1-json-format,True,"{
  ""stance"": ""Against"",
  ""ambiguous"": false
}"
238,Women Driving,,Against,False,gemma-4-31b-ci-v1-json-format,True,"{
  ""stance"": ""Against"",
  ""ambiguous"": false
}"
239,Women Driving,,Favor,False,gemma-4-31b-ci-v1-json-format,True,"{
  ""stance"": ""Favor"",
  ""ambiguous"": false
}"
240,Women Driving,,Favor,False,gemma-4-31b-ci-v1-json-format,True,"{
  ""stance"": ""Favor"",
  ""ambiguous"": false
}"
241,Women Driving,,Favor,False,gemma-4-31b-ci-v1-json-format,True,"{
  ""stance"": ""Favor"",
  ""ambiguous"": false
}"
242,Women Driving,,Against,False,gemma-4-31b-ci-v1-json-format,True,"{
  ""stance"": ""Against"",
  ""ambiguous"": false
}"
243,Women Driving,,Against,False,gemma-4-31b-ci-v1-json-format,True,"{
  ""stance"": ""Against"",
  ""ambiguous"": false
}"
244,Women Driving,,Against,False,gemma-4-31b-ci-v1-json-format,True,"{
  ""stance"": ""Against"",
  ""ambiguous"": false
}"
245,Women Driving,,Favor,False,gemma-4-31b-ci-v1-json-format,True,"{
  ""stance"": ""Favor"",
  ""ambiguous"": false
}"
246,Women Driving,,Against,False,gemma-4-31b-ci-v1-json-format,True,"{
  ""stance"": ""Against"",
  ""ambiguous"": false
}"
247,Women Driving,,Favor,False,gemma-4-31b-ci-v1-json-format,True,"{
  ""stance"": ""Favor"",
  ""ambiguous"": false
}"
248,Women Driving,,Favor,False,gemma-4-31b-ci-v1-json-format,True,"{
  ""stance"": ""Favor"",
  ""ambiguous"": false
}"
249,Women Driving,,Favor,False,gemma-4-31b-ci-v1-json-format,True,"{
  ""stance"": ""Favor"",
  ""ambiguous"": false
}"
250,Women Driving,,Against,False,gemma-4-31b-ci-v1-json-format,True,"{
""stance"": ""Against"",
""ambiguous"": false
}"
251,Women Driving,,Against,False,gemma-4-31b-ci-v1-json-format,True,"{
  ""stance"": ""Against"",
  ""ambiguous"": false
}"
252,Women Driving,,Against,False,gemma-4-31b-ci-v1-json-format,True,"{
  ""stance"": ""Against"",
  ""ambiguous"": false
}"
253,Women Driving,,Favor,False,gemma-4-31b-ci-v1-json-format,True,"{
  ""stance"": ""Favor"",
  ""ambiguous"": false
}"
254,Women Driving,,Against,False,gemma-4-31b-ci-v1-json-format,True,"{
  ""stance"": ""Against"",
  ""ambiguous"": false
}"
255,Women Driving,,Against,False,gemma-4-31b-ci-v1-json-format,True,"{
  ""stance"": ""Against"",
  ""ambiguous"": false
}"
256,Women Driving,,Against,False,gemma-4-31b-ci-v1-json-format,True,"{
  ""stance"": ""Against"",
  ""ambiguous"": false
}"
257,Women Driving,,Against,False,gemma-4-31b-ci-v1-json-format,True,"{
  ""stance"": ""Against"",
  ""ambiguous"": false
}"
258,Women Driving,,Favor,False,gemma-4-31b-ci-v1-json-format,True,"{
  ""stance"": ""Favor"",
  ""ambiguous"": false
}"
259,Women Driving,,Favor,False,gemma-4-31b-ci-v1-json-format,True,"{
  ""stance"": ""Favor"",
  ""ambiguous"": false
}"
260,Women Driving,,Against,False,gemma-4-31b-ci-v1-json-format,True,"{
  ""stance"": ""Against"",
  ""ambiguous"": false
}"
261,Women Driving,,Favor,False,gemma-4-31b-ci-v1-json-format,True,"{
  ""stance"": ""Favor"",
  ""ambiguous"": false
}"
262,Women Driving,,Favor,False,gemma-4-31b-ci-v1-json-format,True,"{
  ""stance"": ""Favor"",
  ""ambiguous"": false
}"
263,Women Driving,,Against,False,gemma-4-31b-ci-v1-json-format,True,"{
  ""stance"": ""Against"",
  ""ambiguous"": false
}"
264,Women Driving,,Against,False,gemma-4-31b-ci-v1-json-format,True,"{
  ""stance"": ""Against"",
  ""ambiguous"": false
}"
265,Women Driving,,Against,False,gemma-4-31b-ci-v1-json-format,True,"{
  ""stance"": ""Against"",
  ""ambiguous"": false
}"
266,Women Driving,,Against,False,gemma-4-31b-ci-v1-json-format,True,"{
  ""stance"": ""Against"",
  ""ambiguous"": false
}"
267,Women Driving,,Favor,False,gemma-4-31b-ci-v1-json-format,True,"{
  ""stance"": ""Favor"",
  ""ambiguous"": false
}"
268,Women Driving,,Favor,False,gemma-4-31b-ci-v1-json-format,True,"{
  ""stance"": ""Favor"",
  ""ambiguous"": false
}"
269,Women Driving,,Favor,False,gemma-4-31b-ci-v1-json-format,True,"{
  ""stance"": ""Favor"",
  ""ambiguous"": false
}"
270,Women Driving,,Favor,False,gemma-4-31b-ci-v1-json-format,True,"{""stance"": ""Favor"", ""ambiguous"": false}"
271,Women Driving,,Against,False,gemma-4-31b-ci-v1-json-format,True,"{
  ""stance"": ""Against"",
  ""ambiguous"": false
}"
272,Women Driving,,Favor,False,gemma-4-31b-ci-v1-json-format,True,"{
  ""stance"": ""Favor"",
  ""ambiguous"": false
}"
273,Women Driving,,Favor,False,gemma-4-31b-ci-v1-json-format,True,"{
  ""stance"": ""Favor"",
  ""ambiguous"": false
}"
274,Women Driving,,Against,False,gemma-4-31b-ci-v1-json-format,True,"{
  ""stance"": ""Against"",
  ""ambiguous"": false
}"
275,Women Driving,,Favor,False,gemma-4-31b-ci-v1-json-format,True,"{
  ""stance"": ""Favor"",
  ""ambiguous"": false
}"
276,Women Driving,,Favor,False,gemma-4-31b-ci-v1-json-format,True,"{
  ""stance"": ""Favor"",
  ""ambiguous"": false
}"
277,Women Driving,,Against,False,gemma-4-31b-ci-v1-json-format,True,"{
  ""stance"": ""Against"",
  ""ambiguous"": false
}"
278,Women Driving,,Against,False,gemma-4-31b-ci-v1-json-format,True,"{
  ""stance"": ""Against"",
  ""ambiguous"": false
}"
279,Women Driving,,Against,False,gemma-4-31b-ci-v1-json-format,True,"{
  ""stance"": ""Against"",
  ""ambiguous"": false
}"
280,Women Driving,,Against,False,gemma-4-31b-ci-v1-json-format,True,"{
  ""stance"": ""Against"",
  ""ambiguous"": false
}"
281,Women Driving,,Favor,False,gemma-4-31b-ci-v1-json-format,True,"{
  ""stance"": ""Favor"",
  ""ambiguous"": false
}"
282,Women Driving,,Against,False,gemma-4-31b-ci-v1-json-format,True,"{
  ""stance"": ""Against"",
  ""ambiguous"": false
}"
283,Women Driving,,Favor,False,gemma-4-31b-ci-v1-json-format,True,"{
  ""stance"": ""Favor"",
  ""ambiguous"": false
}"
284,Women Driving,,Against,False,gemma-4-31b-ci-v1-json-format,True,"{
  ""stance"": ""Against"",
  ""ambiguous"": false
}"
285,Women Driving,,Against,False,gemma-4-31b-ci-v1-json-format,True,"{
  ""stance"": ""Against"",
  ""ambiguous"": false
}"
286,Women Driving,,Against,False,gemma-4-31b-ci-v1-json-format,True,"{
  ""stance"": ""Against"",
  ""ambiguous"": false
}"
287,Women Driving,,Favor,False,gemma-4-31b-ci-v1-json-format,True,"{
  ""stance"": ""Favor"",
  ""ambiguous"": false
}"
288,Women Driving,,Against,False,gemma-4-31b-ci-v1-json-format,True,"{
  ""stance"": ""Against"",
  ""ambiguous"": false
}"
289,Women Driving,,Against,False,gemma-4-31b-ci-v1-json-format,True,"{
  ""stance"": ""Against"",
  ""ambiguous"": false
}"
290,Women Driving,,Against,False,gemma-4-31b-ci-v1-json-format,True,"{
  ""stance"": ""Against"",
  ""ambiguous"": false
}"
291,Women Driving,,Favor,False,gemma-4-31b-ci-v1-json-format,True,"{
  ""stance"": ""Favor"",
  ""ambiguous"": false
}"
292,Women Driving,,Favor,False,gemma-4-31b-ci-v1-json-format,True,"{
  ""stance"": ""Favor"",
  ""ambiguous"": false
}"
293,Women Driving,,Against,False,gemma-4-31b-ci-v1-json-format,True,"{
  ""stance"": ""Against"",
  ""ambiguous"": false
}"
294,Women Driving,,Favor,False,gemma-4-31b-ci-v1-json-format,True,"{
  ""stance"": ""Favor"",
  ""ambiguous"": false
}"
295,Women Driving,,Favor,False,gemma-4-31b-ci-v1-json-format,True,"{
  ""stance"": ""Favor"",
  ""ambiguous"": false
}"
296,Women Driving,,Favor,False,gemma-4-31b-ci-v1-json-format,True,"{
  ""stance"": ""Favor"",
  ""ambiguous"": false
}"
297,Women Driving,,Against,False,gemma-4-31b-ci-v1-json-format,True,"{
  ""stance"": ""Against"",
  ""ambiguous"": false
}"
298,Women Driving,,Favor,False,gemma-4-31b-ci-v1-json-format,True,"{
  ""stance"": ""Favor"",
  ""ambiguous"": false
}"
299,Women Driving,,Against,False,gemma-4-31b-ci-v1-json-format,True,"{
  ""stance"": ""Against"",
  ""ambiguous"": false
}"
300,Women Driving,,Against,False,gemma-4-31b-ci-v1-json-format,True,"{
  ""stance"": ""Against"",
  ""ambiguous"": false
}"
301,Women Driving,,Against,False,gemma-4-31b-ci-v1-json-format,True,"{""stance"": ""Against"", ""ambiguous"": false}"
302,Women Driving,,Against,False,gemma-4-31b-ci-v1-json-format,True,"{
  ""stance"": ""Against"",
  ""ambiguous"": false
}"
303,Women Driving,,Against,False,gemma-4-31b-ci-v1-json-format,True,"{
  ""stance"": ""Against"",
  ""ambiguous"": false
}"
304,Women Driving,,Favor,False,gemma-4-31b-ci-v1-json-format,True,"{
  ""stance"": ""Favor"",
  ""ambiguous"": false
}"
305,Women Driving,,Against,False,gemma-4-31b-ci-v1-json-format,True,"{
  ""stance"": ""Against"",
  ""ambiguous"": false
}"
306,Women Driving,,Against,False,gemma-4-31b-ci-v1-json-format,True,"{
  ""stance"": ""Against"",
  ""ambiguous"": false
}"
307,Women Driving,,Against,False,gemma-4-31b-ci-v1-json-format,True,"{
  ""stance"": ""Against"",
  ""ambiguous"": false
}"
308,Women Driving,,Against,False,gemma-4-31b-ci-v1-json-format,True,"{
  ""stance"": ""Against"",
  ""ambiguous"": false
}"
309,Women Driving,,None,False,gemma-4-31b-ci-v1-json-format,True,"{
  ""stance"": ""None"",
  ""ambiguous"": false
}"
310,Women Driving,,Favor,False,gemma-4-31b-ci-v1-json-format,True,"{
  ""stance"": ""Favor"",
  ""ambiguous"": false
}"
311,Women Driving,,Favor,False,gemma-4-31b-ci-v1-json-format,True,"{
  ""stance"": ""Favor"",
  ""ambiguous"": false
}"
312,Women Driving,,Favor,False,gemma-4-31b-ci-v1-json-format,True,"{
  ""stance"": ""Favor"",
  ""ambiguous"": false
}"
313,Women Driving,,Favor,False,gemma-4-31b-ci-v1-json-format,True,"{
  ""stance"": ""Favor"",
  ""ambiguous"": false
}"
314,Women Driving,,Against,False,gemma-4-31b-ci-v1-json-format,True,"{
  ""stance"": ""Against"",
  ""ambiguous"": false
}"
315,Women Driving,,Favor,False,gemma-4-31b-ci-v1-json-format,True,"{
  ""stance"": ""Favor"",
  ""ambiguous"": false
}"
316,Women Driving,,None,False,gemma-4-31b-ci-v1-json-format,True,"{
  ""stance"": ""None"",
  ""ambiguous"": false
}"
317,Women Driving,,Favor,False,gemma-4-31b-ci-v1-json-format,True,"{
  ""stance"": ""Favor"",
  ""ambiguous"": false
}"
318,Women Driving,,Against,False,gemma-4-31b-ci-v1-json-format,True,"{
  ""stance"": ""Against"",
  ""ambiguous"": false
}"
319,Women Driving,,Favor,False,gemma-4-31b-ci-v1-json-format,True,"{
  ""stance"": ""Favor"",
  ""ambiguous"": false
}"
320,Women Driving,,Favor,True,gemma-4-31b-ci-v1-json-format,True,"{
  ""stance"": ""Favor"",
  ""ambiguous"": true
}"
321,Women Driving,,Favor,False,gemma-4-31b-ci-v1-json-format,True,"{
  ""stance"": ""Favor"",
  ""ambiguous"": false
}"
322,Women Driving,,Favor,False,gemma-4-31b-ci-v1-json-format,True,"{
  ""stance"": ""Favor"",
  ""ambiguous"": false
}"
323,Women Driving,,Against,False,gemma-4-31b-ci-v1-json-format,True,"{
  ""stance"": ""Against"",
  ""ambiguous"": false
}"
324,Women Driving,,Favor,False,gemma-4-31b-ci-v1-json-format,True,"{
  ""stance"": ""Favor"",
  ""ambiguous"": false
}"
325,Women Driving,,None,False,gemma-4-31b-ci-v1-json-format,True,"{
  ""stance"": ""None"",
  ""ambiguous"": false
}"
326,Women Driving,,Favor,False,gemma-4-31b-ci-v1-json-format,True,"{
  ""stance"": ""Favor"",
  ""ambiguous"": false
}"
327,Women Driving,,Against,False,gemma-4-31b-ci-v1-json-format,True,"{
  ""stance"": ""Against"",
  ""ambiguous"": false
}"
328,Women Driving,,Favor,False,gemma-4-31b-ci-v1-json-format,True,"{
  ""stance"": ""Favor"",
  ""ambiguous"": false
}"
329,Women Driving,,Favor,False,gemma-4-31b-ci-v1-json-format,True,"{
  ""stance"": ""Favor"",
  ""ambiguous"": false
}"
330,Women Driving,,Favor,False,gemma-4-31b-ci-v1-json-format,True,"{
  ""stance"": ""Favor"",
  ""ambiguous"": false
}"
331,Women Driving,,Favor,False,gemma-4-31b-ci-v1-json-format,True,"{
  ""stance"": ""Favor"",
  ""ambiguous"": false
}"
332,Women Driving,,Favor,False,gemma-4-31b-ci-v1-json-format,True,"{
  ""stance"": ""Favor"",
  ""ambiguous"": false
}"
333,Women Driving,,Against,False,gemma-4-31b-ci-v1-json-format,True,"{
  ""stance"": ""Against"",
  ""ambiguous"": false
}"
334,Women Driving,,Favor,False,gemma-4-31b-ci-v1-json-format,True,"{
  ""stance"": ""Favor"",
  ""ambiguous"": false
}"
335,Women Driving,,Favor,False,gemma-4-31b-ci-v1-json-format,True,"{
  ""stance"": ""Favor"",
  ""ambiguous"": false
}"
336,Women Driving,,Favor,False,gemma-4-31b-ci-v1-json-format,True,"{
  ""stance"": ""Favor"",
  ""ambiguous"": false
}"
337,Women Driving,,Against,False,gemma-4-31b-ci-v1-json-format,True,"{
  ""stance"": ""Against"",
  ""ambiguous"": false
}"
338,Women Driving,,Favor,False,gemma-4-31b-ci-v1-json-format,True,"{
  ""stance"": ""Favor"",
  ""ambiguous"": false
}"
339,Women Driving,,Favor,False,gemma-4-31b-ci-v1-json-format,True,"{
  ""stance"": ""Favor"",
  ""ambiguous"": false
}"
340,Women Driving,,Against,False,gemma-4-31b-ci-v1-json-format,True,"{
  ""stance"": ""Against"",
  ""ambiguous"": false
}"
341,Women Driving,,None,False,gemma-4-31b-ci-v1-json-format,True,"{
  ""stance"": ""None"",
  ""ambiguous"": false
}"
342,Women Driving,,Favor,False,gemma-4-31b-ci-v1-json-format,True,"{
  ""stance"": ""Favor"",
  ""ambiguous"": false
}"
343,Women Driving,,Against,False,gemma-4-31b-ci-v1-json-format,True,"{
  ""stance"": ""Against"",
  ""ambiguous"": false
}"
344,Women Driving,,Favor,False,gemma-4-31b-ci-v1-json-format,True,"{
  ""stance"": ""Favor"",
  ""ambiguous"": false
}"
345,Women Driving,,Favor,False,gemma-4-31b-ci-v1-json-format,True,"{
  ""stance"": ""Favor"",
  ""ambiguous"": false
}"
346,Women Driving,,None,True,gemma-4-31b-ci-v1-json-format,True,"{
  ""stance"": ""None"",
  ""ambiguous"": true
}"
347,Women Driving,,Favor,False,gemma-4-31b-ci-v1-json-format,True,"{
  ""stance"": ""Favor"",
  ""ambiguous"": false
}"
348,Women Driving,,None,True,gemma-4-31b-ci-v1-json-format,True,"{
  ""stance"": ""None"",
  ""ambiguous"": true
}"
349,Women Driving,,Against,False,gemma-4-31b-ci-v1-json-format,True,"{
  ""stance"": ""Against"",
  ""ambiguous"": false
}"
350,Women Driving,,Against,False,gemma-4-31b-ci-v1-json-format,True,"{
  ""stance"": ""Against"",
  ""ambiguous"": false
}"
351,Women Driving,,Against,False,gemma-4-31b-ci-v1-json-format,True,"{
  ""stance"": ""Against"",
  ""ambiguous"": false
}"
