id,tweet_id,tweet_text,target
645,723609924542992384,لازم ندزلكم من عندنا كويتيه منقبه سيارتها كورلا وتكون عينه تجريبيه واذا اقتنعتوا راح اشيل شاربي بقزازه #قيادة_المرأة_السعودية,Women Driving
646,1010671927101403136,#المراه_السعوديه_تسوق بصصصصصصيح ابغا أسوِّق خخخخخخخخخخييييييععععععر؟,Women Driving
647,1010671461193920513,#المراه_السعوديه_تسوق الناس تتلفت بكل اشاره😂,Women Driving
648,1010673465102426112,ما محظوظ الا عادل الجبير! من يوم غد اصبح بامكانه قيادة السيارة *_^ #المراه_السعوديه_تسوق,Women Driving
649,1010673828907966466,#لن_تقودي لن تقود أمي لن تقود أختي لن تقود قريبتي أنا سأخدمهم بنفسي وبكل ما يطلبون . ولن أتزوج فتاة تقود السيارة أو تشترط ذلك,Women Driving
650,724865105054277635,ليش #لن_تقودي ماعم افهم من حقا تقود مو سيارة لازم تقود بلاد اكبر مثال #زنوبيا,Women Driving
651,724742191847989248,#لن_تقودي. ان شاء الله نقود حالنا حال شعوب العالم واكيد راح يكون فيه شروط مو عبث وانتو تعودتو الشارع لكم ليه لازم نشارككم ☺️☺️🌹,Women Driving
652,796257893901357056,#لن_تقودي نقود او لا وشدخلكم ياخي قاعدين على قلوبكم؟🙃,Women Driving
653,1010671899326779393,وسقتي وبعدين يعني ؟؟ بتدخلين الجنه مثلاً ؟ وبعدين وش هالسواقه الي آخر الليل ..! الله يستر على المسلمات العفيفات .. #المراه_السعوديه_تسوق,Women Driving
654,1010669204679397379,#المراه_السعوديه_تسوق قيادة المرأة للسيارة تمكنها من إغاثة نفسها وقضاء أمورها العاجلة دون انتظار وصول الآخرين لها، أو الاضطرار للركوب مع سائق غريب عنها. يتبع,Women Driving
655,756757170524487680,غير صحيح أن #قياده_المراه_للسياره_ضروره هذي وسيلة وليست ضروره فيه أهم منها قضايا المعنفات والمطلقات والأرامل والخريجات والمغتربات #لن_تقودي,Women Driving
656,889004191447998464,#معانات_بنات_الارطاويه_والقري ان شاء الله سيتم حل مشكلتكم بالطرق الصحيحه . . . . . . لكن بقولكم سر #لن_تقودي,Women Driving
657,724699847438307328,حنا مانبي نسوق اذا حليييتو المشااكل اللي تمر فيها المرأة ذيك اللحين طالبو بالسواقه #لن_تقودي,Women Driving
658,1010668916291629056,#المراه_السعوديه_تسوق الله يجعلها بداية خير للمرأه السعوديه.. وتكون فايده لها اكثر من ضررها الحمد لله على تطور المملكه لما فيها خير للبلاد والعباد اسأل الله ان يكفينا شر الفتن ما ظهر منها وما بطن 🌹,Women Driving
659,740746534434787328,شكل اللي سوت هـ الهشتاق تحلم كثيررر .. #سنسوق_فوق_خشومكم #لن_تقودي,Women Driving
660,796266614660415488,#لن_تقودي باختصار😄😜😎,Women Driving
661,724709545373736962,نقول كلمة العقل الله لايبدل النعمة اللي احنا فيها مايحتاج نسوق فيه من يسوق ويخدمنا #لن_تقودي,Women Driving
662,796273495952986112,#لن_تقودي م راح نقود 😂 بس عند الضروره اسفه لازم اقود غصبن عنك ي ورع,Women Driving
663,1010669140812673024,متى نروح البحرين ؟ #قيادة_المراة_السعوديه,Women Driving
664,1010672420473200641,الامن يوزع الورود للسيدات خلال بداية قيادتهم السيارة في السعودية . . #المرأة_السعودية_تسوق #SaudiWomenDriving,Women Driving
665,724875731340267520,#لن_تقودي ريم ممكن تسلفيني سيارتك بروح فيها زواج بنت عمي ليه وش فيها سيارتك رحت فيها زواج بنت خالتي قبل شهرين قد شافوها.,Women Driving
666,724752275533524992,#لن_تقودي مرأة جزء لا يتجزء من مجتمع و لها حقوق و واجبات حالها حال اي بشر! ماكو اي مشكلة و بنسبة للمضايقات فهي دليل على انعدام الوعي حضاري,Women Driving
667,724696085449584641,#لن_تقودي الحمدلله مافيه قياده والا كان يجونك نوعية اللي [ تدرين من وين شريت سيارتي ؟ من امريكا تلبيه ، بمليون وشوي] 🚶🏿,Women Driving
668,1011028753332559872,#المراه_السعوديه_تسوق عاد الحين بعض البنات تبي سيارة لون وردي والثانيه تبي لون بنفسجي ماكو ابيض واسود بس لا تشغلين العالم اللي عندج ؟؟ اوكى كذا مره !! .,Women Driving
669,724703449061961728,إذا كانت صلاة المرأه في بيتها أفضل من المسجد فكيف بإخراجها لوحدها بسيارتها #لن_تقودي,Women Driving
670,1010671598922354696,شعور جميييييل لايوصف بصراحه. 😍 #المراه_السعوديه_تسوق,Women Driving
671,1005771035222921216,واخيراً استلمت رخصتي السعودية 😎🇸🇦 الحمدلله🙏🏻 يوم تاريخي بكل المقاييس 😍 #قيادة_المرأة_للسيارة #قياده_المرأه_السعودية #١٠/١٠,Women Driving
672,724704518819209217,الله يكفينا شركن #لن_تقودي,Women Driving
673,1010999904662114304,ذحين لو رجعت وسقت السيارة حيدوني ورد وتصوير وفلاشات ولا حكمل على الفلاشات بس ؟ #المرأة_السعودية_تقود_السيارة,Women Driving
674,729561840297123841,#لن_تقودي سوف تقود سوف تقود غصباً عنكم سوف تقود,Women Driving
675,724699724427759618,#لن_تقودي صدقوني ال سعود ماعندهم مشكله لانهم واعيين بس البلا في الشعب متخلف والحكومه مابتفرض على الشعب شي كاره مثل ماقال محمد بن سلمان,Women Driving
676,796282494345707520,#لن_تقودي ع اساس ميتين ع سواقه مانبي نسوق😝,Women Driving
677,733109628486176768,#سأقود #لن_تقودي نحتاج أرشيف لحفظ التعليقات هنا للمستقبل لضحك على تفكير بعض أفراد مجتمعنا في التحريم والتنكير والتعجب #قيادة_المرأة_للسيارة,Women Driving
678,1010673253235548164,#المراه_السعوديه_تسوق يالليل الحين الاسر المنتجه يبيعون جنوط 🤦🏻‍♂️,Women Driving
679,796276878034272256,#لن_تقودي ، طموحنا اكبر من قيادة مركبه تجلب لنا المشاكل والإرهاق طموحنا نقود افكارنا للقمه وللنجاح ونحقق الاحلام ...✨,Women Driving
680,729598627979644928,#لن_تقودي لن تقودي لن تقودي واحفظي ارقام الهنودي,Women Driving
681,1010670666977284097,البنات السعوديات انتي ملكه وتضلين ملكه غصبن عليهم... حقدو عليك لانك ماتسوقين. لانك ملكه يخدمك ابوك اخوك زوجك ولدك تتركين العز مكرمه عفيفه محافضه ... والاختيار لك #لن_تقودي,Women Driving
682,1010998585461223429,كأني اشاهد سيناريو التغطيه الاعلاميه لموضوع السماح بدخول العائلات للملاعب يحدث الان ويتكرر في موضوع السماح بقيادة المرأه للسياره .. تضخيم اعلامي في البدايه ثم بعدها تأتي مسأله قناعة المجتمع وقبوله للفكره من عدمها .. #الرياض_الان #المراه_السعوديه_تسوق,Women Driving
683,1010669235801075712,#لن_تقودي راعي الهاشتاق تعال اتوطاك بسيارتي,Women Driving
684,756872463275950080,#لن_تقودي لن نرضى ولن تقودي الا اذا كنتِ تحلمين فمجرد صحيانك تعود حليمه لعادتها القديمه 😂,Women Driving
685,1009682479563853824,#قيادة_المرأه_السعوديه اخشى مااخشاه ان تزيد هذه الخطوه من نسبة العنوسه في مجتمعاتنا المحافظه والتي لن تتقبل هذا الوضع على الاقل لسنوات عديده واعتقد النسبه طاغيه بدون قياده والله يرحم الحال,Women Driving
686,992585274210254848,دام هذي اولتها ، ياساتر عن ااااخرتها ، عزيز السائق عندما تعبر الطريق ارجوا منك الحيطه والحذر عند عبورك للخط بعدم وجود سائقه ، وشكرا 🤣💨🏃🏻‍♂️ #قياده_المرأه_السعودية #نجران_الان,Women Driving
687,912828716165877761,#الملك_ينتصر_لقيادة_المرأة تحية عظيمة لنساء ٦ نوفمبر ١٩٩٠ تحققت أحلامكن جميعاً بعد ٢٧ سنة .. فعلاً الأحلام تؤجل ولكنها لاتموت..💚🇸🇦,Women Driving
688,724716828182888449,#لن_تقودي شكل الي مسوي التاق صاحب تكسي خايف يقعد ع الصفر !! 🚕,Women Driving
689,796259033636282368,زين الله يبشركم بالخير #لن_تقودي,Women Driving
690,724695690568470528,#لن_تقودي واللهي مادري وش اقول واللي معارض وصار القرار اول من يشتري سياره ل اهله هو 🙄💔.,Women Driving
691,842226680596951040,#لن_تقودي افهمي,Women Driving
692,811434007212724225,حرام حرام طيب ليش ما نسوق بالله كيف انا اروح السوق 🎶 #لن_تقودي,Women Driving
693,838438546667094018,صدقيني ياعزيزتي المرأه ياتاج راسي #لن_تقودي ولن تقودي وسرددين شيلة لن تقودي لن تقودي ستبقين ام الاجيال وجميع وسائل النقل ستخدمك معززه مكرمه😉,Women Driving
694,724709650453671938,مو ب الاسلوب هذا #لن_تقودي الا بتقود ( لا حجت البقره علئ قرن واحد ) 🌚🚶,Women Driving
695,724704968129822721,قادوكم لنا الله الموقده #لن_تقودي,Women Driving
696,729646283783319553,ليش السواقه بتجيب فتنه!!يعني الحين مافيه فتن بالمجمعات والاسواق!اغلب النساء مع السائق بدون محرم!اين انتم عن هذا الموضوع!! #لن_تقودي,Women Driving
697,912828919044243456,#الملك_ينتصر_لقياده_المراه عزيزتي البنت اذا انتي موفر لك سواق وتروحي وتجي وقت ما تبغي وعلى كيفك ترا في بنات ما عندهم سواق وما يخرجو,Women Driving
698,757650195857412096,. ترا انا قاعد اقود سيارتي وانتي #لن_تقودي 🚬,Women Driving
699,729582324359303168,#لن_تقودي - وحده تقول قلت لجدتي تهقين ياجده بيوافقون لنا بالسواقه 🚙 ؟؟ قالت جعلهم يوافقون عيالنا راحوا بالحوادث وانتن وش كثركن ☹ ..,Women Driving
700,724738120349003776,#لن_تقودي ان شاء الله لن تقودي,Women Driving
701,1010669479645335553,المرأة تقود منذ القدم ، فقد قادت وهي أم قادت وهي زوجة قادت وهي طبيبة قادت وهي معلمة ومربية لأجيال ، فلاعجب أن تقود سيارة لضرورة سوغت لها اتقان هذه المهارة كغيرها من المهارات ومن لم تتقن قيادة السيارة حتما لن ترم بنفسها للهلاك #المرأة_السعودية_تسوق,Women Driving
702,861206783850950656,"#طالبتان_من_حايل_تنقذان_سايق يبدو والله العالم ان ذلك مسرحية من الليبراليون للمطالبة للسماح للمرأة للقيادة, اتركوا عنكم الأفلام. #لن_تقودي",Women Driving
703,1010670580713050112,#لن_تقودي رغم اني م راح اسوق بس مبسوطه ع القرار 🙃,Women Driving
704,1010671899582566400,#المراه_السعوديه_تسوق معليشش تحمستت ،ماضاع مفتاح سيارت ابوي الا الليوم😭😭😭,Women Driving
705,869764039550881792,#لن_تقودي لالالا #لن_تقودي,Women Driving
706,1011000262281060354,#المراه_السعوديه_تقود_السياره ليست من اكبر اهتماماتنا... باب فتنة وشر . فتح ؟؟ مثل ابواب الشر الاخرى .,Women Driving
707,1008581479914491904,"#كل_يوم_معلومة #قياده_المرأه_السعودية عزيزتي صاحبة المركبة ✋️ هذه علامة ""امامك مطبات اصطناعية"" وليس كما تعتقدين : ""امامك حريم يصلّون 😔💔",Women Driving
708,1011362238492536832,#المراه_السعوديه_تسوق الشي الوحيد اللي باقي لنا يالشباب الذكور هو قسم البخاري في مطعم لؤلؤة الحمراء. ألذ بخاري بالرياض 🤣,Women Driving
709,1011016989517770758,هل من المعقول انا كنّا نثق بسائق وهل معقول ان الأجنبي عنده مرؤة وشهامة ونخوة اكثر من الشاب العربي السعودي .. من الذي صور لنا ان شباب الوطن قطيع من الوحوش . #قيادة_المرأة_السعودية,Women Driving
710,729584248378818560,#لن_تقودي ليه أقود عندي سواق انا اميره 🙊،,Women Driving
711,1010672977430679556,والله وساقت 🤔 الله يكتب لنا الخيره في قيادتها 😂 ويكفينا شرهاز #المراه_السعوديه_تسوق,Women Driving
712,724802297667137536,#لن_تقودي يُسقط الله عن المرأه ' وجوب صلاة الجماعة وأنتم تخرجونها لتقود السيارة. الشيخ ابن غديان رحمه الله,Women Driving
713,1010671877508026368,#المراه_السعوديه_تسوق الوضع مره أوفر بخصوص السواقه خلاص ياهمج اثقلوا,Women Driving
714,721431878830567424,#السماح_للمراه_بقياده_الدراجه لن تقودي #لن_تقودي لن تقوووووووووووووووووووووووودي,Women Driving
715,1011379876501377024,#المراه_السعوديه_تقود_السياره #ياسر_التويجري قد قالها قبل القرار نتضر كلامه صحيح او لا انشاءالله يكون كلامه غلط,Women Driving
716,721949761977335808,الغرب يناقشون في امور مهمه ومتقدمين عننا سنوات ضوئيه واحنا نناقش تفاهات من الأخير #لن_تقودي #الشوري_يناقش_قياده_المراه,Women Driving
717,724699656362582016,#لن_تقودي انا من شفت المواقف عند كليتنا اكثر من مواقف كلية العيال صدقوني بنسوق بنسوق🗿💔,Women Driving
718,1010671763615870979,#قياده_المرأه_السعودية الله يحفظهن ويستر عليهن ويبعد عنهن الشر,Women Driving
719,1011291178891972608,#المراه_السعوديه_تقود_السياره سمحوا لكم بالقياده موو برمي الحجاب والاستعراض بالشعر والمكياج فشلتوتا عادي تسوقين وانتي محجبه,Women Driving
720,1010673577992118273,يا امه ضحكت من جهلها الامم #المراه_السعوديه_تسوق URL,Women Driving
721,1010673441845006342,#قياده_المراه_السعوديه اكثر وحده كنت مبسوطه يوم صار خنقتني العبره💔💔💔,Women Driving
722,724714738966470656,حين تعطل السياره او بنشر التاير، لن تستطيع ان تتصرف ، حينها ستكون معرضه للخطر والتحرشات من بعض الشباب #لن_تقودي,Women Driving
723,724719519411896320,الحمد الله اننا لان نسوق #لن_تقودي,Women Driving
724,1010670152273268739,#المراه_السعوديه_تسوق زمان بروح اقهوي فلانة ولدت الحين بروح اقهوي فلانة صدمت,Women Driving
725,724714504299401217,الذين ينادون بحرية المرأة لا يريدون حريتها بل يريدون حرية الوصول إليها الأمير نايف رحمك الله #لن_تقودي,Women Driving
726,998321652776800256,أول خطوات الإختبارات لنيل الرخصة السعودية تجاوزتها .. عقبال باقي الخطوات و نيل الرخصة 🙏🏻🙏🏻🙏🏻 #قياده_المرأه_السعودية,Women Driving
727,1010669939664048131,#المراه_السعوديه_تسوق .. توكم تسوقون .. تو الناس 😂😂😂,Women Driving
728,1010670332825530368,تحية من المكسيك في شوارع جدة 💜 #المرأة_السعودية_تسوق,Women Driving
729,724705780658782208,#لن_تقودي قيادة المرأة جايه بإذن الله لكن مو بهالوقت يعني اللي يصير الحين من كلام الشعب آراء وليست فرض,Women Driving
730,1009201699456774145,مساء الفل .. خمس ايام وتعبين فل #قيادة_المراه_للسيارة #قياده_المرأه_السعودية,Women Driving
731,997821760618811393,اليوم تغسلين المواعين شهر ١٠ تغسلين سيارتك 😆😆😆 😜 #رمضان_كريم #قيادة_المرأة_للسيارة😅 #قياده_المرأه_السعودية,Women Driving
732,912828569851695104,#الملك_ينتصر_لقياده_المراه الله الحافظ وضع الاسعاف بعد القشعه بعيد الشر من بيشيل فطيم وهي مرميه ع الرصيف لابد من وضع مسعفات للنساء🤣,Women Driving
733,1010670861127385089,#المراه_السعوديه_تسوق سعيدة أني عاصرت لحظات وأعوام حافله بالأمجاد 💚🇸🇦 بنات الخبر الغاليه 🕊,Women Driving
734,739865599891890176,#لن_تقودي حتى المستقبل,Women Driving
735,1010670800955944960,الي ماهي ناوية تسوق سيارة تجي تختار دراجة 😁🚴🏻‍♀️✌🏽 #المراه_السعوديه_تسوق,Women Driving
736,724868370810724352,تم الحكم على أساتذة وشيوخ ومتعلمي ودكاترة وأطباء رجال المملكة أن يستمروا على وظيفة سواق #لن_تقودي,Women Driving
737,1010673058204606470,#قياده_المراه_السعوديه من سوء حظكم اني مو بالسعودية ولا كان وريتكم المهارات 😎,Women Driving
738,1010670297756979200,#لن_تقودي لن تقودي هاااه يلاه سمعونااا صياااحكم 😂,Women Driving
739,729581968791326720,#لن_تقودي خلاص ندري اننا ما بنسوق اصلاً 🙂✋🏾.,Women Driving
740,1010671296487809029,#المراه_السعوديه_تسوق ياامةً ضحكت من جهلها الامم كل الفرحه ع شان المرأة تسوق السياره طيب المرأة نجحت كأم ونجحت كزوجه ونجحت مخترعه وطبيبه كاتبه ومؤلفه وووو .. وقفت على القياده وكأن الامر فيه حل للفقر والوظائف والفساد والسعوده الحقيقيه اااااااخ منكم يابتووع ..,Women Driving
741,1011035746361335809,#قيادة_المرأة_السعودية نسبة وفيات حوادث المرور سترتفع الله يحمي الجميع . إلا كم واحد ...,Women Driving
742,1010668370134552576,فرحة اللحظات الأولى بعد دخول قرار قيادة المرأة للسيارات حيز التنفيذ #قودي_كزهرة #المرأة_السعوديه_تسوق,Women Driving
743,1011329651233443840,#المرأه_السعوديه_تقود 😳👞 واحد يقول زوجتى أشترت لى جزمة ماركة و عجبتني قلتلها ذوقك حلو قالت لي أنا أصلاً من زمان أعرف أختار الجزم يقول من أمس مانمت من القهر حاس إنها تقصدني صايرين حساسين بعد سواقة الحريم الله يهديهم😎 😂 😂😂😂,Women Driving
744,1010673328607191043,#المراه_السعوديه_تسوق يوم تاريخي مبروك للجميع و العُقبى لنا ان شاء الله 🚘🤞,Women Driving
745,766551926704005120,انا مابي المراءه تسوق لان انا م اعرف اسوق ي بنات 💔#لن_تقودي,Women Driving
746,729613664865681408,#لن_تقودي. طيب لن اقود الله يخلي الخروف يقودددددددد وانا ملكه 👍🏻👍🏻💃😉,Women Driving
747,1003748830335111169,مبروك للخليج كله السماح ل ٤٠٪ من سكانه بقيادة السيارة #قياده_المرأه_السعودية,Women Driving
748,724745021484896256,#لن_تقودي سايقين وسايقين وسايقين من فوق خشومكم 🔪 خلونا نعطي أنفسنا شوية امل بالأول لن يتزوجكي والحين لن تقودي 🔪🔪,Women Driving
749,796278067060736000,ماررررح تسوقي آبدا شيلي ذا شيء من راسكك ✋✋فزعتكم لرايد✋✋ ماتقدر آجل آنشرهاا ﻵنه مابقى شيء #لن_تقودي,Women Driving
750,1011290461623988229,#قياده_المرأه_السعودية ليش الحدث ماخذ اكبر من حجمه.. إعلام غبي يضحك على نفسة ماشفنا بنت تسوق الا اللي خلف الكميرات .,Women Driving
751,724745754099724289,#لن_تقودي المشكله في خرفان موافقين هذولي مو موافقين عشان مصلحت الحريم هذا يبي سولة الوصول الا المرأه,Women Driving
752,1010670301116542976,متحمسه لشعور اول مشوار اسوق فيه 😍😍😍😍😍😍😍 #المراه_السعوديه_تسوق,Women Driving
753,1010672056172728320,#المرأة_السعودية_تسوق حق مكتسب مالها داعي الأوفر هذا كله,Women Driving
754,1011019414777548800,تعديل نقابك سبب اتقلابك #المرأة_السعودية_تسوق,Women Driving
755,992915300399149056,😂😂😂😂😂😂 يوه ماصدق #لن_تقودي,Women Driving
756,1010670526128324608,ههههههه والله ونعم كمان رابح صقر #المرأة_السعودية_تسوق URL,Women Driving
757,1011014902662811649,بكل بساطة أقول المرأة السعودية كانت ملكة لأن الكل كان يخدمها واليوم تخلت عن تاج الملكة و ستبدأ بتقديم خدماتها للكل #المراه_السعوديه_تقود_السياره,Women Driving
758,1010669133913034752,#المراه_السعوديه_تسوق قد تطرأ على الأسر بعض الظروف الصعبة التي تحتاج فيها المرأة لقيادة السيارة والتصرف السريع، لاسيما في حالة المرض الفجائي للزوجة أو أحد أفراد الأسرة، أو حدوث مكروه لهم، بما لا ينتظر وصول الإسعاف. يتبع,Women Driving
759,724738807103369217,"أول شخص يقود سيارة لمسافة طويلة مستقطباً اهتمام العالم كانت امرأة وهي ""بيرثا بينز""وهي أيضاً مخترعة الفرامل #لن_تقودي",Women Driving
760,1010672512294932480,#المراه_السعوديه_تسوق عساها خيره ان شاء الله,Women Driving
761,729579840366628864,#MBC_تحرض_علي_قياده_المراه #لن_تقودي هذا مجتمع تشغله التفاهات وتسبب له معضلة !! امة ضحكت من جهلها الامم,Women Driving
762,739909136796778496,يشتكون من التحرش والاختطاف ثم يطالبون بالقيادة ليضيفوا إلى الاختطاف سرقة السيارة أيضاً لذلك نقول #لن_تقودي 😌,Women Driving
763,724748943020666880,#لن_تقودي إنتي تقودي ياعزيزتي من زمان تقودي أجيال بتربية وقيادة المجتمع فكريا وعمليا فقد كرمك الأسلام على كثير من خلقة فاحذري الذئاب البشرية,Women Driving
764,729675977824047105,#لن_تقودي م بدنا نسوق بس فكو عنا 😒,Women Driving
765,1011297449259032577,ربي اقم الساعة فقد مكن للظالم والمنافق على أهل الحق والفضيلة. #المراه_السعوديه_تقود_السياره,Women Driving
766,725813967973695492,#لن_تقودي تخيلوا,Women Driving
767,724698823872905216,#لن_تقودي الحمد لله اقود وقيادتي افضل مليون مرة من الرجال 😝موتوا بغيظكم 😝,Women Driving
768,1010670624761700352,#المراه_السعوديه_تسوق الف مبروووك الله يعطيهم من خيرها🌹,Women Driving
769,1010672757582024709,#المراه_السعوديه_تسوق كم حادث للحين,Women Driving
770,1010670179993432064,#المراه_السعوديه_تسوق الله يحفظ بلادنا . وستبدأ المطالبات بأمور أخرى .,Women Driving
771,1010997450058936320,#المرأة_السعودية_تقود_السيارة مبروك السواقه😇,Women Driving
772,724782065649078272,#المجتمع_مع_قياده_المراه الله يغثكم كانكم غثيتونا هيه انتي وياها #لن_تقودي سمعتي والا اعيدها تبين انقلعي برا دجي دجك جني 🌚,Women Driving
773,1010669891790176256,معركة وتم حسمها! #المرأة_السعودية_تسوق,Women Driving
774,686076516606865408,#سوالف_مكرره_حفظناها #لن_تقودي حفظناها وربي ما عاد نبي نقود ولا هلل,Women Driving
775,729647125219442688,لن تقودي لن تقودي لن تقودي لن تقودي لن تقودي تخسون بنات أخر زمن ايش ابي أسوق . #لن_تقودي,Women Driving
776,740687900535345152,#سنسوق_فوق_خشومكم ترا من فوق خشم ابوك او اخوك او زوجك اذا تعديتيهم ذيك الساعه تعدي غيرهم ي قويه انتِ. #لن_تقودي,Women Driving
777,724697469997723649,#لن_تقودي اتمنى الصوت واضح لن تقودي 😁😁😁😁😁,Women Driving
778,1004521068466442240,في ناس يزهبون العصابة قبل الفلقة فيما يخص #قياده_المرأه_السعودية .. طيب لو كانت منقبة شلون بيتعرفون على هويتها .. طيب الشرطي يوقفها ؟ طيب بتدخل قسم التوقيف ؟ بلا بلا بلا,Women Driving
779,1005921299561111552,خلصت مرحلة الدفع و التسجيل 🏎🤝 &gt;&gt; إنّ غَداً لنَاظِرِهِ قَرِيبُ &gt;&gt; شكرا يا أبو فهد على إنتصارك لقيادة المرأة 🙏🏻💜 #الملك_ينتصر_لقيادة_المرأة MENTION,Women Driving
780,1010672624945508352,#المراه_السعوديه_تسوق الف مبروك لنا ولكل السعوديات توكلي وانطلقي 😝🙏🏻,Women Driving
781,724700183427190784,عضوات الشورى خلاص انتهى الموضوع مافيه سواقه ارجعو ابحثو في مواضيع اهم من السواقه وفكونا وشوفوالمشاكل الي تواجه المراه ولا استقيلو #لن_تقودي,Women Driving
782,729609993603911680,اجل خليها تروح مع الهندي العازب او تموت علي الطراق ازين 👍 #لن_تقودي,Women Driving
783,724718819365756928,#لن_تقودي لن نقود طالماهناك بهايم متخلفه بمجتمعنااللي ينظر الى المرأه انها بس للمتعه والفتنه وممن تحاول بعقلها المريض لفت الانتباه ورخصيه,Women Driving
784,703141378180542464,واالله اتمنئ. يصدر أمر نسوق سيارة علئ الاقل الموظفات بس .. الاغلبيه ترفض وهم عندهم سواق تركب بنته مع اجنبي عادي 😂 #قيادة_المرأه_السعوديه,Women Driving
785,1010673725656662017,#المراه_السعوديه_تسوق الله يستر علينا وعلى شباب المسلمين من كل أنثى لا تتقيد بأنظمة السلامة والمرور ومن كل مستهترة تقف وراء المقود(السياره) بدون رخصة مرور ومن لا تجيد قيادة السياره؟ اللهم احفظنا بحفظك وارزقنا الستر يوم القيامه,Women Driving
786,1010672056684433408,#المراه_السعوديه_تسوق شكرا ملكنا الغالي .. أنت ملك من قبل ما تصبح ملك .. شكرا رجال الأمن اللي الآن يتابعون الوضع بأفضل أداء .. سبحان الذي سخر لنا هذا وما كنا بمقرنين 🙏,Women Driving
787,912828561869991936,#السماح_بقياده_المراه ههههههههههههههههههههه وكمان تكون مستعجلة هيا خذلك رباط صليبي,Women Driving
788,746933561907945473,من قال اني ابي اسوق اصلا فاضيه اتعب مخي انظر ذي السياره وين وانا وين والمطافيق كثير #لن_تقودي,Women Driving
789,739905909682515968,اعيد واكرر واقول #لن_تقودي,Women Driving
790,881661686146531328,الرجال اللي منثبر بالبيت ٢٤ ساعه وش تحس ياخي ! انا لو اسوق تشتكي مني محطات البنزين 💨🚗 بتقولون #لن_تقودي أدري اصلا 😒,Women Driving
791,722942737113190402,البنات بدوا يتخيلون اذا بسوقون ، احب أقولك #لن_تقودي,Women Driving
792,1010673119894364160,متى تتفتح شركت التأمين والله ماطلع سيارتي وتأمينها منتهي #المراه_السعوديه_تسوق,Women Driving
793,1011396619076538368,هذي تبي تسوق ولا تبي مشروبات روحيه هذا الي يقول الي عمره ماتبخر تبخر وإحترق لا حول ولا قوة الا بالله #قياده_المرأه_السعودية,Women Driving
794,989468259735961601,اذا ركنتي بين صفة سيارات وتبي تطلعي...اول ارجعي ع ورا لين اطلعي اغلب بودي السيارة لا تكسري المقود ابدا...طلعيها ثم اكسريه 😷 انا طلعتها شويه ثم كسرت المقود خبطت فالسيارة الي يميني #قيادة_المرأة #قياده_المرأه_السعودية,Women Driving
795,1010672647896748034,بِسْم الله نبدأ ،اول تغريدة لي لهذا الحدث العظيم ،، الشكر لله اولاً ثم لخادم الحرمين الشريفين الملك سلمان حفظه الله على هذا القرار العظيم والشكر موصول أيضاً للمتابع بجد و حزم سمو ولي العهد الأمين الامير محمد بن سلمان حفظة الله #مرحبا_في_الوطن #المرأه_السعوديه_تقود ❤️👏🏽,Women Driving
796,1011017972046016518,#المراه_السعوديه_تسوق مره ثانيه خلوها تصادم سيارات ما يصير شي نفس اللعبه 😂😂,Women Driving
797,965185320282095616,القرار لنن يشمل بنات البقوم✋ #الملك_ينتصر_لقياده_المراه,Women Driving
798,1011308200933675008,١٠/١٠ كان يوم تاريخي الحمدلله أني شهدت هذا اليوم وهذا التغير وهذه الانطلاقة اللي تعطيك شعور انك راح توصلي وراح تنجزي وماراح تحتاجي لأحد 💜💜💜💜💁🏻‍♀️ #قياده_المرأه_السعودية,Women Driving
799,1010671709903519744,لحظة طال انتظارها، ألف مبروك للمرأة السعودية وكذلك للرجل السعودي #المراه_السعوديه_تسوق,Women Driving
800,975136428203151360,#الملك_ينتصر_لقياده_المراه ارتحت لك يوم دقيتي اشارة ههههههههههههههههههههههههههههههههههههههههههههههههههههههههههههههههههههههاختي قائدة المركبه : تعديل نقابك سبب انقلابك ..,Women Driving
801,1011017808388509696,البنت السعوديه قدها والى غيرها مو احسن منها سواء بالقياده او بالحشمه او بالعفاف اوبالحياء او بالحجاب . وكل ماهو بالبنت السعوديه يمثل البنت المسلمه. كلنا معك. #المراه_السعوديه_تسوق,Women Driving
802,724696548999831557,الله يريد بنا خير ويستر علينا ويختار لنا طريق الصواب #لن_تقودي,Women Driving
803,729609080042573824,#لن_تقودي طيب ندري وش الجديد 🙂💔,Women Driving
804,1010671299218362368,#المراه_السعوديه_تسوق قبل ١٠ سنوات جيت للرياض عشان العمل وكانت الشوارع شي فضيع😫 كنت اكره الدائري وخريص لأن الناس تلزق بسيارتي وارتبك وانا مسرع حطيت ورقه على القزاز الخلفي وكتبت (السائق تحت التدريب)😁وظللت السياره😂 صاروا العالم تبعد مني ورتحت انصح البنات تجربها(سائقة مبتدئه),Women Driving
805,1011336271476805632,#المرأة_السعودية_تسوق ماهذا الذي يحصل من تجاوزات وتبرح وسفور ومسخره وسفر عبر الحدود بلا محرم وقطع الالاف الكيلومترات من نساء لوحدهن نحن نتفهم حاجة بعض النساء للقياده وفق الضوابط الشرعيه ومرعاة الاداب لكن مايحصل مهزله باب شر فتح نسأل الله السلامه,Women Driving
806,811390159086387200,#رفع_سعر_البنزين_30بالميه كل يومين رافعين سلامات ي غالي احمدو ربكم ي بنات انكم ماتسوقون والا الحين شايلين هم زي الاولاد🌚 #لن_تقودي,Women Driving
807,1010670502145413120,#لن_تقودي لو سمحتو انا غرت من البنات ابي احد يتبرع يعلمني السواقه حتى لو على سطحه راضيه 💔,Women Driving
808,724697761875107847,"تخيل في ١٠ سنوات يطير منك ""ربع مليون ريال"" على سواق يوديك ويجيبك لوظيفتك، واذا ٢٠ سنة يطير ""نص مليون ريال"" هباءًا منثوراً 💔 #لن_تقودي",Women Driving
809,842807529889546245,الله يأخذ الحاجه. #قياده_المراه_السعوديه,Women Driving
810,729601290586689536,#MBC_تحرض_علي_قياده_المراه والله حرضت والا ماحرضت محد درى عنكم 😝 #لن_تقودي,Women Driving
811,724991760385056768,#لن_تقودي لو ساقو الحريم كان الحين البنزين مجمد بأكياس بالفريزر ويبيعونه بالأنستقرام .,Women Driving
812,1009482089094402051,الناس يالله تمشي امورها ب رواتبها ليش هالسعر المبالغ ل رخصة المراءة؟ #قيادة_المرأة_السعودية,Women Driving
813,1011022896335151107,يابوي خلاص تراكم امتحنتونا #المراه_السعوديه_تسوق,Women Driving
814,724711547990364161,اللي يقولون باب للفساد ما ماتوا للحين؟ لأنهم هم نفسهم اللي أيام الدشوش وجوالات الكاميرا رافضين 😂 #لن_تقودي,Women Driving
815,1010671615938629633,جسمي قشعر الف مبروك لنا 😭💕💕💕💕 #قيادة_المرأة_السعودية,Women Driving
816,1010671702437752832,#المراه_السعوديه_تسوق فضحتونا خلاص كلن درى كاننا حرررن قدس استغفر الله وش ذا كلنا فرحانين بس مو كذا اوفررر,Women Driving
817,729638138591719424,ياشيخ علي كيفكم هي #لن_تقودي,Women Driving
818,729630781279223808,أجل أنت اللي قد وماراح أزعل..لكن كلّما بغيتك ألقاك في السيّارة تودّيني للي أبي..جاهز??والله ماهقيته!! #لن_تقودي,Women Driving
819,912829121608028160,#الملك_ينتصر_لقياده_المراه شكرا ملك الحزم شكرا لولي العهد,Women Driving
820,724711590587686920,برايي الضرورات تبيح المحظورات من ثبت اضطرارها الشديد للقيادة من النساء أرى ان يسمح لها وفق ضوابط محددة فهي ضرورة ليست ترف او هوى #لن_تقودي,Women Driving
821,724698370212802561,#لن_تقودي كويس لأني لو سقت سأصدمكم 💀,Women Driving
822,1010670609746022402,#لن_تقودي باقي عايشين انتم 🤣🤣🤣🤣,Women Driving
823,1010668482348879878,#المراه_السعوديه_تسوق اكيد انا مع القيادة كل وحده تقضي مشاويرها بنفسها بدل من السواقين وكذا .. لكن ليه الموضوع كأنه حدث تاريخي شيوخ عالم دنيا خييير ترى قيادة ما تستاهل كل هالضجة والتصفيق 😶🌚 ترى احنا اخر ناس على فكرة🤐🤢,Women Driving
824,1011391514340143104,#المراه_السعوديه_تسوق عشان تحمين نفسك من المتحرشين أثناء القيادة امسحي المكياج.,Women Driving
825,732747024395849728,"وعد إني أذا سقت سيارتي , إما أحط اقدم تغريدة لي عن مطالبتي بالقيادة أو بحط وسم #لن_تقودي و أحرق قلوب دواعش الشارع . URL",Women Driving
826,1010672180437413889,١٠/١٠ تاريخ يؤكد بأن لاشي مستحيل 😊 #المرأة_السعودية_تسوق,Women Driving
827,884746790192467969,#لن_تقودي يا قرة عيني #اسقاط_الولاية URL,Women Driving
828,724704666982993920,#لن_تقودي فعلاً المجتمع غير متقبل الفكرة مو تجي كم وحده عاملة نفسها الحقوقية المتمردة همها كله تمسك الدريكسون وإلا صارت المظلمومة المضطهدة😩,Women Driving
829,1010671365479858177,اخير بعد طول انتظار ✌🏻 #المراه_السعوديه_تسوق,Women Driving
830,724727053954719744,#لن_تقودي لن تقودي لن تقودي مب ناقصين زحمات زياده ،،,Women Driving
831,724712557924200448,البعض يزعم الرجولة والحفاط ع اهله ان تختلي بسائق اجنبي خيرا لها من ان تقود مركبتها قمة الغباء ف بعض العقليات 👌🏻♥️ #لن_تقودي,Women Driving
832,1010671274484527104,رغم أنني أدرك رفاهية الجلوس في الخلف وإنجاز بعض المهام، إلا أنني أشكر الله ثم الملك سلمان وولي عهده في أن جعل هذا القرار أمرا يتيح حرية الاختيار.. وانصح جميع السعوديات بتعلم القيادة لما لها من أهمية قد تدركينها في أي ظرف طارئ لا سمح الله #عشرة_عشرة #المراه_السعوديه_تسوق,Women Driving
833,1010147151362625536,سبحان مغير الاحوال من هاشتاق #لن_تقودي إلى #ستقودي_والشعب_معك,Women Driving
834,724722730654900224,يب انا مابي 🏃🏃 #لن_تقودي,Women Driving
835,724701598287572993,استغرب الأهتمام الذي فاق الوصف في هذا الملف !! في ضَل وجود عشرات القضايا المفترض تسليط الضوء عليها في قوقعة المرأة ؟ !!! #لن_تقودي,Women Driving
836,724748165866463232,#لن_تقودي اللي يقولون معززه مكرمه ملكه ما نبي نكون ملكات نبي نسوووق بس,Women Driving
837,793026896393101313,#الشورى_يرفض_قيادة_المرأة كم مره نقول #لن_تقودي,Women Driving
838,1011386322777509889,"فيني جمله ""خلاااااااص والله دريت اننا صرنا نقود صدق خلاااص"" 👁️👁️ #قياده_المراه_السعوديه",Women Driving
839,1011021078255284225,اللهم اني استودعك فصيله الرجال اللهم احمهم بعينك التي لاتنام #المراه_السعوديه_تسوق,Women Driving
840,725042015050850308,مجتمعنا رافض : إذا بغيتون وأنتم صاماين نعمل إنتخابات 😳🤔 ونرفقها مع أي إنتخابات 😅 والله يسهل 👍🏻 #السماح_بقياده_المرأه,Women Driving
841,994063923451191296,بكره تزين الايام واحط رخصتي ب شنطتي 💃💃 #لن_تقودي,Women Driving
842,724708982670151681,#لن_تقودي بعضهم يتحجج بأن قيادتهاسيؤدي إلى تقليص عدد السائقين وهذا ليس صحيح بالدول المجاورة المرأة تقود السيارة وفي بيتها سائق لاتستغني عنه,Women Driving
843,902786684630302720,مثل هذا النوع من النسويات المأزومات أخلاقياً، لوتسنى لها ظلم الرجل وظلم المرأة نفسها لفعلت إنتصاراً لمصلحتها. #لن_تقودي 😂 URL,Women Driving
844,1010668958863765504,#المراه_السعوديه_تسوق وَلَا يُبْدِينَ زِينَتَهُنَّ إِلَّا لِبُعُولَتِهِنَّ أَوْ آبَائِهِنَّ أَوْ آبَاءِ بُعُولَتِهِنَّ أَوْ أَبْنَائِهِنَّ أَوْ أَبْنَاءِ بُعُولَتِهِنَّ أَوْ إِخْوَانِهِنَّ أَوْ بَنِي إِخْوَانِهِنَّ ...... الاية وحاطة المكياج والاصبغ وطالعة تقل مهرج السرك,Women Driving
845,723773119530438656,#اذا_سقنا بدعس كل رجال اشوفه قدامي واقول قدنا غصبن عنكم 😈😂 #لن_تقودي,Women Driving
846,1010670020530188289,قيادة المرأة للسيارة فيها فائدة للمرأة والرجل، فألف مبروك يا صبايا مو ناقصكم شي لتسوقوا، و اللي بسمّعكم كلمة استهزاء، اضربوا سيارته خليه يتربى 😜 #المراه_السعوديه_تسوق,Women Driving
847,729663701469544448,#لن_تقودي ولن تقودي بإذن الله,Women Driving
848,683370958963535872,حركات لفت النظر والهمز واللمز عشان الناس تتكلم فيني بطلوها ، بس ليتك حددتي من تترحمين عليه عشان نعرف😉 #لن_تقودي URL,Women Driving
849,1011018128892022785,#هيئة_كبار_العلماء اعلنت أن البعض ايد القرار و البعض أعترض على قرار #قياده_المرأه_السعودية ... هل لنا أن نعرف على ماذا استند كل فريق ..!!؟ و كم عدد المعترضين و المؤيدين...!!؟,Women Driving
850,724714560653955072,تركب ف السياره وتخلي اللي يسوق يسوي حادث فما بالكم اذا ساقت😂يا الله سترك وش لكن بالغثى خلكن مرتاحات #لن_تقودي,Women Driving
851,1011306757799362571,اليوم نكتب تاريخاً جديداً تهانينا لأمهاتنا وأخواتنا وزوجاتنا وبناتنا 🚗 #المراه_السعوديه_تقود_السياره,Women Driving
852,1010018743945064449,#ستقودي_والشعب_معك ماشاءالله مسوي اخلاق انت واياه وين وسم #لن_تقودي اللي غثيتونا فيه سنين الله يخلي ابو فهد بسسسسس عز يامال العز 😉😂 #شيخة_البنات,Women Driving
853,724733181920972800,#لن_تقودي:ستقود باذن الله رغم انف التزمت وانوف المتزمتين وستنال حقوقها التي منعتموها وان غداً لناظره لقريب نحن بعهد التحول. ولى زمانكم,Women Driving
854,785443035714875392,لن تقوودي #لن_تقودي #بناتك_ياملكنا_طالبينك_يسوقون,Women Driving
855,1010670426681499648,#المرأة_السعودية_تسوق بالتوفيق للجميع ويجب توخي الحذر فالبدايات صعبه للكل ...,Women Driving
856,1010668614037405697,#المراه_السعوديه_تسوق انا تسووووق 😍,Women Driving
857,1360120483119775744,#تخيل_البنت_بدون_مكياج عدم الالتزام بالمسار الصحيح يعرضك للخطر وللمخالفات المرورية ..#ين_حر #السمينه_ولا_النحيفه #المدرسة_السعودية_للقيادة #قياده_المرأه_السعودية,Women Driving
858,1011329340670468096,الي يقولون وين الي يسوقون اصبرو شهر بس ع ماتطلع الرخص والاغلب ياخذونها بتشووفون الشوراع مليانه 🤩❤️❤️❤️ #المراه_السعوديه_تسوق,Women Driving
859,1010671230167474176,راح وقت بطاقات الشحن وجاء وقت تسديد المخالفات. #المراه_السعوديه_تسوق,Women Driving
860,726779201836179457,#لن_تقودي انا سائق لأمي وأختي وبنتي وزوجي وأفتخر بشرف رعايتك وحمايتك لا تغرنك هتافاتهم هم يتربصون لا تضعفي أعلنيها #لا_للمتربصين_بالمسلمات,Women Driving
861,1010672372754640897,من كثر قوة هالحدث نسينا نتحلطم على الدوام #المراه_السعوديه_تسوق,Women Driving
862,1011365552084922370,ودي اعرف وين الوناسه بالموضوع يوم الخليجيات يتسابقون من اول من يدخل السعوديه ومتحمسات اكثر منا ، الحمدلله والشكر بس !#المرأة_السعودية_تقود_السيارة,Women Driving
863,1010669922454855680,#المراه_السعوديه_تسوق لا يستطيع محدودو الدخل أن يوفوا برواتب للسائقين الوافدين، وبذلك تزيل قيادة المرأة للسيارة عبئًا كبيرًا من على محدودي الدخل، وتجعلهم يقضون أمورهم بكل سلاسة. يتبع,Women Driving
864,1010669608641187841,ألف مبروك لبنت وطني الحمد لله ان قدتي مركبتك في وطنك ونلتي حقك الطبيعي #المراه_السعوديه_تسوق,Women Driving
865,796274366078156800,يمكن تقود السياره مع زوجها او ولي أمرها في البر عن النفس فقط #لن_تقودي,Women Driving
866,1010670147223343105,توزيع ورود وانا ماشوف الا مخالفات ورده بالغلط مع مخالفه طيب🙅#المراه_السعوديه_تسوق,Women Driving
867,1010671904422850560,عاشت عاشت بلادي💚10/10🇸🇦💚#المرأة_السعودية_تسوق #قيادة_المراة_السعودية,Women Driving
868,1011025554571759618,#المراه_السعوديه_تقود_السياره هالله هالله 💃🏻,Women Driving
869,1011328199010275330,#قياده_المرأه_السعودية النظام يعاقب من يتعرض للمرأة ويصوّرها أثناء قيادة السيارة !!! والإعلام الهدام يبالغ في تغطيته الإعلاميه ويثير الفتنه، ومجتمعنا محافظ، والمتبرجات الكاشفات لشعورهن يمثلن أنفسهن ، تحيه للمحجبه المحتشمه التي يفخر بها المجتمع السعودي المحافظ.,Women Driving
870,1010672674027294723,#المراه_السعوديه_تسوق العالم اللي ماخذ الوضع طقطقه.. لو انت تصاب بإعاقه ولا عندك ماده تقدر تجيب سائق راح تندم انك ماعلمت بنتك او زوجتك ... فلذاك اترك الناس واهتم في نفسك ، ومن يحاول يتعرض اي بنت راح يكون نظام الدوله امامه ✋🏻 الف مبروك لسعوديات 🌺🌹,Women Driving
871,724697559382515712,خذو عقلك فيه قضايا اهم منك يالخبلة منهو انتي اللي قضيتك بس الاهم من بين القضايا قلة أدب وحيا خبلة ياالعوجا #لن_تقودي,Women Driving
872,1009998092542906368,ابد ولله انزل من السياره وهي شغاله واهج 😂😂😂😂 حياتي اهم شي ✌🏻 #ستقودي_والشعب_معك #قياده_المرأه_السعودية URL,Women Driving
873,912827835391332357,ياربي اني من عقب #السماح_بقيادة_المرأة وانا مو قادره انام بالعاده هالوقت اكون بسابع نومه❤️😩,Women Driving
874,1009168001428545538,#قيادة_المرأة_السعودية كبداية ،، توقعوا منها كوااااارث👇🏽,Women Driving
875,1011025386652782593,لم أكن من المؤيدين و لستُ من المعارضين ، و لكني سعيدة جداً بهذا التمكين .. ألف مبرووك لـ معشر النساء السعوديات 💜💜 #SaudiWomenDriving #قياده_المرأه_السعودية,Women Driving
876,724745300653514756,مافي مشكله في السواقه المراه المشكله في المجتمع!🙄 #لن_تقودي,Women Driving
877,853471250668290048,موتحدي السالفه بس اذا القيادة كانت بشروط وقوانين ليش اغلب الناس رافضه اللي مايبغى اخواته يسوقون خلاص ودهم انت لاتحذفهم مع السواق #لن_تقودي,Women Driving
878,1011010887187161088,إلى كل واحد ما سافر هذا الصيف: ترا الحريم بيسوقوا في السعودية .. يعني ما سار في فرق بيننا وبين الدول الثانية #قياده_المرأه_السعودية #المرأة_السعودية_تقود_السيارة,Women Driving
879,724742977994821632,الشرف غالي #لن_تقودي,Women Driving
880,1010673610716073984,#المراه_السعوديه_تسوق مبروك👌🙏🏻,Women Driving
881,1011349178298130433,اقسم بالله ازعجتونا .. الشعب السعودي ولا حرمه محافظه ساقت ماساق الا نسبه لاتذكر واول مره اشوف قرار حكومي غير مرحب به #المراه_السعوديه_تقود_السياره,Women Driving
882,724761163154788352,"#لن_تقودي مشكلة قيادة المرأة ""غباء"" قيادة و تشكيل الرأي العام المجتمع يرفض ""متحررة و متمردة و و"" اللي خلف القيادة اكثر من القيادة نفسها",Women Driving
883,724915436211556352,#سعوديات_ضد_قياده_المراه وصلت لمرحلة عالية من التحدث مع النفس بسبب موضوع قيادة المرأة😊 صرت أسولف مع نفسي بالإنجليزي ..!😂 خلاص #لن_تقودى,Women Driving
884,1010673752777076738,بالتوفيق لسيدات المملكة 🌹👍🏼 #المراه_السعوديه_تسوق,Women Driving
885,734254963388493825,لاوظائف ومستقبل ضايع وفالحين يتجمعون بس في تاق #لن_تقودي ومسوين فيهاحميه وهم في اي حق مايساعدون البنات يوصلون له بس فرحانين بالاعتراض وبس💦😪,Women Driving
886,724738296526561280,#لن_تقودي بيجي يوم ويسمحون لنا تبين تسوقين سوقي ماتبين كيفك محد يجبرك تسوقين وانت اذا اختك او امك بتسوق كيفهم مايبون برضه بكيفهم وشكرا,Women Driving
887,724917466800001025,#لن_تقودي الا انا ساقود 😎💜.,Women Driving
888,1010672571400978432,#المراه_السعوديه_تسوق بقى اول سعوديه تصدم,Women Driving
889,724706009093124096,#لن_تقودي اوكِ بيبي نوبروبلم,Women Driving
890,1010669858822991872,#المراه_السعوديه_تسوق شكلي وانا فرحانه مع البنات بس اتذكر ان ماعندي سياره ولا رخصه ولا اعرف اسوق URL,Women Driving
891,796276443642757120,#لن_تقودي مايحتاج انت عندي 😎,Women Driving
892,1010308143300141057,يوم الاحد مرتبطه بطلعه ولا كان ودي اجلس على الرصيف واصفرر لاي وحده تسوق 👏🏻👏🏻👏🏻👏🏻👏🏻 #قياده_المرأه_السعودية,Women Driving
893,1010668614318297088,كان هاالتاق ايام المنع يجيبلي المراره بس الحمدالله وشكرا محمد بن سلمان💔 #لن_تقودي,Women Driving
894,1010671171057192961,يستاهلون 👍👍 #المراه_السعوديه_تسوق,Women Driving
895,1010671122847813632,#المراه_السعوديه_تسوق زانت نفسيات العسكر 🙄.,Women Driving
896,756832736510373888,🚙🚗🚕 #قياده_المراه_للسياره_ضروره 🚗🚙🚕 👆🏻🚗👆🏻🚕👆🏻🚗👆🏻🚕👆🏻🚗👆🏻🚕👆🏻🚗👆🏻🚕👆🏻🚗👆🏻🚕👆🏻🚗 #لن_تقودي قرّي في بيتك أبرك لك ولغيرك #حبيبسي_لن_يتزوجسي,Women Driving
897,1010672178466119680,#المراه_السعوديه_تسوق الله يعين بكره ع الزحمه الصباح 😓😓,Women Driving
898,1010673307392315392,اليوم ٢٤/ ٦/ ٢٠١٨م تُمارس المرأة حقها الطبيعي في قيادة السيارة MENTION #شكراً_ملكنا_سلمان #شكرا_محمد_بن_سلمان #المراة_السعوديه_تسوق #مها_الوابل,Women Driving
899,795209767811686400,#لن_تقودي الشعب السعودي شعب جميل وغيور .. فنحن نفرض ع ذاتنا .. ماذا اسمي قيادتكم ،، تديث ؟ ام تحرر ؟ ام عدم سيطره ؟ ❤️✋🏻,Women Driving
900,724711209812037632,#لن_تقودي في مجتمع يقوده الجهل,Women Driving
901,725913013094490112,مو معناته انك يافولاذيه تنشرين الفساد تقولين الحرية! مهما نبحتي لن تقومي الدوله على حاكمها فرقي يا جاهله بين الحرية والفساد.! و #لن_تقودي,Women Driving
902,724698811617165314,#لن_تقودي اذا جيت للأعلام تلقى المطلقات مذيعات مجتمعات في اغلب البرامج كلامهم عن ظلم المرأه ومسكينه المرأه وهم مقهورين من طلاقهم وجلستهم 1-,Women Driving
903,1010668373561217024,#المراه_السعوديه_تسوق ماشاءالله ، الف الف الف مبروووووك ، بناتنا وخوانتا وامهاتنا بمناسبة قيادة المرآه السيارة ، الله يوفقهم ويحفظهم يارب,Women Driving
904,1011005044563632129,الى كل من يعترض على قيادة المرأه .. اليس الاجدر بها ان تقود سيارتها وتقضي حاجتها دون الركوب مع سائق هو بالاصل ليس محرم لها . #المراه_السعوديه_تسوق,Women Driving
905,1011362492449247233,#المراه_السعوديه_تسوق المقصات هو الراديتر معلومه مهمه ياشباب اوكي ..!؟؟😂,Women Driving
906,724701534278262788,#لن_تقودي طيب سواقة الدراجة وش صار عليها 🙊😜😎..,Women Driving
907,912828482878689282,وين شلة لن تقودي ؟ 😱😂🤣 #الملك_ينتصر_لقياده_المراه,Women Driving
908,725193287750000640,شوفو الأسلوب كيف مو #لن_تقودي 😑💔 خلاص بنات كنسلو موضوع السياقة 😍💘 حنا أميرات 😌💅🏼😂 MENTION عشانه 🙈💗,Women Driving
909,1010671978628440064,#لن_تقودي ماعاد فيه بسير على فلانه حامل . الحين بقهوي فلانه صادمه .,Women Driving
910,725043722602340352,تقود الغنيه. وتنقهر. الفقيره. وليته متحشمات. انواع. التبرج #لن_تقودي,Women Driving
911,724738632544870400,الفتاة المحتشمه : مفخره لوالديها ، كرامه لزوجها ، مثال لبناتها ، قدوه للمجتمع♥ #لن_تقودي,Women Driving
912,1010670488111104000,#لن_تقودي جالس بمغسلة سيارات اغسل سيارتي واللي معاي كلهم حريم كل وحده بسيارتها 😂😂😂😂😂,Women Driving
913,729594077604401152,#لن_تقودي حماية لك وهو مطلقها مع السواويق 🌚.. عندما تتفلسف الحمير!,Women Driving
914,1010671144221933568,#المراه_السعوديه_تسوق كلي فخر بهذا الوطن الي قاعدة اشوفه شي جميل الرجال و النساء يد وحده الف مبروك لنا على بدء القيادة في السعودية واتمنى نكون عند حسن ظن الملك سلمان و ولي العهد محمد بن سلمان ونحن باذن الله سنكون عند حسن الظن ❤️,Women Driving
915,1010673112617291776,حريمهم يسقن😂 #المراه_السعوديه_تسوق,Women Driving
916,1010671414842667008,قيادة السيارة لاتعني التبرج والسفور والاختلاط تذكري امر الخالق سبحانه وتعالى وَقَرْنَ فِي بُيُوتِكُنَّ وَلَا تَبَرَّجْنَ تَبَرُّجَ الْجَاهِلِيَّةِ الْأُولَىٰ.... #المراه_السعوديه_تسوق,Women Driving
917,1010672588178280454,شيء غريب من اللي ينتقد المرأة على السواقة وهي لسه توها بادية، فيه شباب سنوات يسوقون وما كأنه تعلم شيء #المرأة_السعودية_تسوق,Women Driving
918,1011374288534999040,#المراه_السعوديه_تقود_السياره وهذا أمر رائع جداً وبناء والاهم ان قيادة المرأة باتت ضرورة وليست ترفيه كما يضن محدودي الافق، وفوائدها كثيرة اجتماعيه واقتصاديه واخلاقيه. علينا ان ندع الموروث الموبوء والعادات البالية التي ما انزل الله بها من سلطان. وعلينا ان نعاصر الزمن والمتغيرات.,Women Driving
919,724754014387232771,#لن_تقودي الله سبحانة وتعالى أسقط عن المراة فرض صلاة الجماعة حتى تستتر ببيتها وهن يطالبن للخروج للقيادة,Women Driving
920,1010673516268720128,#المراه_السعوديه_تسوق اليوم الحلقه الاخيره لكلمة ياليتني ولد 😂😂😂😂😂😂,Women Driving
921,997655568033763328,اجمل مافي الموضوع لجين مامداه تسوق وتقهركم شباب 😂😂😂😂😂 #قياده_المرأه_السعودية,Women Driving
922,1011292278755913734,كيف يمكن التعرف على هوية السائقه اذا كانت منقبه 👍 لا حاجه للكشف بالبصمه 👏 #قياده_المرأه_السعودية URL,Women Driving
923,1010670470478299136,الله يستر ،، من نزلة ( القديّة ) ( هذا بلا ابوك يا عقاب ) 😀🙈 #المراه_السعوديه_تسوق,Women Driving
924,1010670061001035776,#المراه_السعوديه_تسوق الله يستر عليك من بنت جارنا 😂✋,Women Driving
925,818152557990346753,هاشتاقات #قياده_المراه_للسياره هاشتاقات مشبوهة تصدر من مجاهيل في أوقات الأزمات لتصادر رأي المجتمع .. ونقول لها بملء فينا : #لن_تقودي ..,Women Driving
926,1010671734062764033,#المراه_السعوديه_تسوق اكثر شي ندمانه عليه حاليا انو سنوات البعثة مرت و ما أخذت الرخصة الأمريكيه 🙃,Women Driving
927,999309871513292800,#قياده_المرأه_السعودية #قيادة_المرأة_للسيارة وين سويتي الحادث ؟ -لو يهمك كان عرفت. قريبا هههههههههههههههههههههههههههههههههههههههههههههههههههههههههههههههههههههههههههههههههههههههههههههههههههه,Women Driving
928,1005056935522111488,لكل الساخرين من الرجال.. الحقيقة تقول: في أمريكا تأمين سيارة المرأة أرخص من الرجل.. لأنها أقل حوادث.. بلغة الأرقام التي لاتكذب.. #قياده_المرأه_السعودية,Women Driving
929,756885218150191104,#قياده_المراه_للسياره_ضروره لن تقودي لن ت ق و د ي لن تقووووووودي #لن_تقودي لن تسوقي لن ت س و ق ي لن تسووووووقي #لن_تسوقي,Women Driving
930,724738820013461504,اذا الوحدة خايفه يتحرش بها سواق وتبي الخروج من السالفة انها تسوق بنفسها كم واحد يتحرش بها اساسا وهي ع الطريق والخط مقفل ؟؟ نكذب؟ #لن_تقودي,Women Driving
931,724705883121430528,#لن_تقودي ومين قال نبي نسوق اللي تبي تسوق تعالي اخليك بدال سواقي راتبك٨٠٠معاد الا بنت ابوها تسوق وين راحواالسواقين وين راحوااللي مسؤلين عني,Women Driving
932,1011300392607592448,مناشبين السعوديات ع فرحتهم بالسواقه ! شخصكم فيهم خلوهم يعبرون ويستانسون ع كيفهم عافان الله حاشرين خشمهم فكل مكان #المراه_السعوديه_تسوق,Women Driving
933,796273465045172224,مادرينا عنكم ولا عن قيادتكم #لن_تقودي,Women Driving
934,724700108902830080,#لن_تقودي بل هي من تقود المجتمع وهي من تربي الأجيال وهي الام والأخت والزوجة لاتجعلوها في دائرة ضيقة ،اللهم احفظها بحفظك وجعلها عزيزة دائما,Women Driving
935,724711974458802177,اقول اسكتو ي سواقين العائله 😂 حنا ي البناات مثل الأميرات ف قصرناا قصدي بيتنا🌚💔 اصلن السواقه مو حلوى🙃☹✋ #لن_تقودي,Women Driving
936,989476596867354625,الي عايشات فالعاصمة الله يعينهن لكن عاااااادي كل شي بالتعليم يصبح سهل جدا ...معنا بنات سنة اولى جامعة ويسوقن في العاصمة عادي شارع 4حارات #قيادة_المرأة #قياده_المرأه_السعودية,Women Driving
937,1010672164826165248,يوم جديد يشهد بدايه جديده لنا مبروووك 💜💜💜💜💜 #قياده_المراه_السعوديه,Women Driving
938,724708550249992192,عندما تتعرى الشجرة من أوراقها يكون مصيرها حطب للنار ، اعتقد واضحة.🍺 #لن_تقودي,Women Driving
939,732205214095282176,لماذا يعترض الكثير على #قياده_المرأه_للسيارة بعيدا عن التغريب والدين وصراع التيارات اختصرته هذه المرأه #لن_تقودي URL,Women Driving
940,1010671120285085701,#المراه_السعوديه_تسوق وش هالضجه ترا سواقه اللي يشوفكم يقول كان مننوع علينا الحريم تطلع من البيت 🙄👊🏻 اوفررر,Women Driving
941,1010671483226554368,#حقيقة .. اليوم أدرك كثيراً من شعبنا .. #أن قيادة المرأة لا علاقة له بسوء الأخلاق !! ٰ ٰ #المراه_السعوديه_تسوق,Women Driving
942,756844661008982016,#قياده_المراه_للسياره_ضروره موضوع يتكرر كثير ولكن #لن_تقودي حتى لو لحستي كوعك,Women Driving
943,724746493417152513,ان كانت ام فهي مربيه وان كانت اخت فهي حنونه وان كانت زوجه فهي شريكه باختصار هي قائده لنا بكل الاحول فالسياره ليست بشئ كثير ارتقو #لن_تقودي,Women Driving
944,1011364477554610176,#المراه_السعوديه_تقود_السياره. الـمبادي مـا تـغيّر عـلى النهج السليم و الجدل محسوم و الهرج مافيه ثْمره . الـسـواقه لـلـرجل و الـسـواقه لـلحريم و الـرجل يبقى رجل و المره تبقى مره . #سعد_المخلفي,Women Driving
945,724734689571921921,#لن_تقودي لا اطالب بها ولكن اتمنى تهيئة وسائل مواصلات اخرى(الباص) وتنظيم عملها واوقاتها والاهتمام بها لتعويض من هي بحاجه لها.,Women Driving
946,724698670734696448,خلااص انتهى الموضوع مافيه قياده مافيه للللوش💃💃خلص القرار وانقال #لن_تقودي,Women Driving
947,1010668754215284736,اللي رجال مايخليها تسوق الا لحاجه ماسه ماتطلع تدور في الشوارع واغاني وشيلات وتصوير وتسبب زحمه للناس ترى فيه ناس عندها عمل وناس حالات طارئه بيروحون المستشفيات فكل انسان يكون حريص وبلا غباء #لن_تقودي,Women Driving
948,739866516280225792,#لن_تقودي ولو بعد 100 سنة 😂😂 #سيلفي,Women Driving
949,724699687039672320,بتسوق غصبا على شنيك 😂 #لن_تقودي,Women Driving
950,724704046704111616,#لن_تقودي خلاص مستحيل يمكن حفيدتي او حفيدتها يسوقون اما جيلنا ف مستحييييل 😊✋,Women Driving
951,729652160837857280,نعيد ونكرر #لن_تقودي,Women Driving
952,724700308274851846,لان تقودي يا موردت الخدودي ☺️ #لن_تقودي,Women Driving
953,1010672162670247937,اليوم ورد وبكرا التشليح . #المرأة_السعودية_تسوق,Women Driving
954,724819653508358150,#المجتمع_مع_قياده_المراه سؤال يطرح نفسه انتم مع ولا ضد ..؟ #لن_تقودي 🙄😜,Women Driving
955,912828427161542657,#الملك_ينتصر_لقياده_المراه الآن دور الشباب ينتقمو من أخواتهم لا أوصيك عزيزي الشاب قفل باب سيارة أختك بقوة خليها تنجلط 😂✋🏻,Women Driving
956,1011393825443590144,بمناسبة قيادة المرأه لسياره في يوم ١٠ /١٠ لوحة سيارتي للبيع ح ل و ١٠١٠ #المرأة_السعوديه_تسوق القيمه لاعلى سعر,Women Driving
957,1010669515317891072,#لن_تقودي مين هذا باقي صامد يكتب لن تقودي ماشاء الله ربي يقويك استمر حبيبي😂😂😂😂😂😂😂😂😂😂😂,Women Driving
958,912827819029385217,#الملك_ينتصر_لقياده_المراه مناضلات سبقوا زمانهم,Women Driving
959,724761998441979905,#لن_تقودي تخيلوا ان البنات يسوقون شوفي مين قدامنا ' مين هذيك اللي بالعرس ماسلمت علينا - اصدميها اصدميها,Women Driving
960,1010671231052517376,يعني عادي عندهم حرمة تمشي برجولها بالشارع معرضه نفسها للخطر ! ولا يشوفونها بسيارتها أكثر آمان عليها ، بكذا وضح إن الهدف ليس خوف عليها ، إنما منعها بأي طريقة من غير مبرر #لن_تقودي,Women Driving
961,1010672731543744512,#المراه_السعوديه_تسوق هاليوم تاريخي في تاريخ السعوديه وتاريخي لما قررت اخذ صيفي بعد معارضاتي الشديده ، واسوني ي جماعه 💔💔💔💔💔💔,Women Driving
962,1010668712217731072,الف الف الف مبروووك يا بنات 😍😍 ليلة تاريخية كأنها ليلة عيد 😭💓💓 #المراه_السعوديه_تسوق,Women Driving
963,724750656783978496,#لن_تقودي لن تقودي إلا في الشلال وعطالله يافيها سيارات صدام على كيفك 😆😆😆😆,Women Driving
964,1011027211179233281,#اليوم_السعودي_عالمي_للسواقه #المرأة_السعودية_تقود_السيارة ستقودها بحشمتها وسترها,Women Driving
965,1010670377129963520,الحين تجيك الأسر المنتجه تبيع جنوط ههههههههههههههههههههههههههههههههههههههههههههههههههههههههههههههههههههههه 😂😂😂 #المراه_السعوديه_تسوق,Women Driving
966,912828154263343107,#الملك_ينتصر_لقياده_المراه احلا قرار😍😍😍 عقبال الأمور الثانيه وتنتهي عرقلة المرأه,Women Driving
967,724812935915294720,#لن_تقودي يقولك قيادة المرأة يرفضه المجتمع على اساس ان المجتمع عنده برلمان وله حق التصويت على اي قرار ليتك ساكت :),Women Driving
968,740731249912885248,#سنسوق_فوق_خشومكم لن تقودي لن تقودي الا خارج هالحدودي. #لن_تقودي .,Women Driving
969,1011022585461727232,#المراه_السعوديه_تقود_السياره الله لنا 😂😂,Women Driving
970,1010672945914662913,يابنات الله يهديكم الي ماتعرف لاتسوق ماهو اجباري ترا #المراه_السعوديه_تسوق,Women Driving
971,1010671891533660165,حدث يخدم كثير من بعض النساء لقضاء مستلزماتهن اللهم اعطنا من خيرها واكفنا شرها ☘️ #المراه_السعوديه_تسوق,Women Driving
972,725108433347862528,#لن_تقودي اصلاً ما نبي نسوق حنا ما سلمنا منكم ياعاهات وحنا نمشي كيف لو سقنا,Women Driving
973,1011327994097520642,جعلونا نخاف من كل ماهو جديد .. لذلك تخلفنا وتقدموا #قياده_المرأه_السعودية,Women Driving
974,1010669162660843522,#المراه_السعوديه_تسوق وضعي بكرا 😂😂😂🏃🏻‍♀️🏃🏻‍♀️🏃🏻‍♀️,Women Driving
975,724699222273056772,#لن_تقودي والحقيقة اللي معارضين الموضوع هم أول من بينفذه إذا تم مثل مانشوف إذا العائلة نصها مو سعودي اللي برا عادي يسوقون واللي داخل لا,Women Driving
976,841965013455757313,#قياده_المرأة تتوقعون قريبه ؟ أناأقول فقط مسأل ة وقت واللي يضحكون ب #لن_تقودي راح هم اللي يضحكون ع كلمتهم ذي وراح يقولواتذكرون يوم نقولها🤗,Women Driving
977,1011020001287942144,#المرأة_السعودية_تسوق قد أساءو للمرأة وكأنها أتت من كوكب آخر ولا يفهمو إن سواقة المرأة تم بموافقةولي أمرناحفظه الله. اليس ولاة أمرنا يهمهم المواطن ويعملوا ليل نهار على راحته. أتمنى ان نترّفه عن التعليقات الساخرة. مادام الأمر جاء من خادم الحرمين الشريفين فعلينا السمع والطاعة,Women Driving
978,724743526920118272,#لن_تقودي بالرغم أنني ضدها ولكن لكل أب وأخ وزوج امرأه اشبع حاجتها وقم بخدمتها كي تشبع ولا تتجه لها رغبه نحو القياده كن لها عونا لتبقى ملكه👑,Women Driving
979,1010672505437245440,هدد كسر حطم دمر والعب على أعصابك ثور وحول نفسك جهنم 😆😆😆😆💃🏾💃🏾💃🏾💃🏾💃🏾💃🏾💃🏾💃🏾💃🏾 #لن_تقودي,Women Driving
980,1010673407560749062,#المراه_السعوديه_تسوق ألف مبروك للمرأة السعودية 👏👏👏🇸🇦,Women Driving
981,1011335379851595776,مبروك للمرأة السعودية السماح لها بقيادة السيارة، وعقبال حريّة لباسها، وعقبال تحرّر المرأة الإيرانية من الحجاب، وفي كل مناسبة، عقبالنا كلبنانيات تحرّرنا من قوانين الأحوال الشخصية المتخلّفة وسطوة رجال الدين #المرأة_السعوديه_تسوق,Women Driving
982,853617145703526400,ضد قيادة المراة لانه بيسبب زحمة فوق الزحمة الحين #لن_تقودي #قياده_المراه_فساد_للمجتمع,Women Driving
983,730073954191282176,#لن_تقودي حسيت اني لازم اتفاعل مع الهشتاق عشان سواقي حيسافر من جد حاسه بضياع #قيادة_المرأة_للسيارة,Women Driving
984,1009385586308845568,تقرير احدى القنوات الهندية media one TV لتغطية رويترز معي عن التحديات التي تواجه المرأة السعودية في القيادة و مدى حاجتها بالاضافة الى معايير اختيار المرأة السعودية السيارة . وصلت للتلفزيون الهندي👳🏿‍♀️.. تخيلت كل السواقين اللي سفرتهم يتابعوني 😫💔 #قيادة_المرأة_السعودية,Women Driving
985,724720250554556417,جعلهم مايسقون المراه بيتها ابرك لها من الاهانه بالشوارع🤔 #لن_تقودي,Women Driving
986,724706693196709889,#لن_تقودي فعلا لن اقود تدرون ليش لان محدثتكم ما تعرف تفتح قفل السياره 😂😂😂🙄🙄,Women Driving
987,1011006490306600962,احتاج للسياقة نعم مع مراعاة حدود ديني وحجابي والوقت الآمن اللي مسموح اني اطلع فيه مافيها شي. لكن اطلع بأنصاف الليالي واسافر من بلد لبلد من غير محرم عفوا لاضرورة شرعية تبيحه ولا عادات وتقاليد اصيلة ولا حتى محارم يرضونها لنا🤚 #المراه_السعوديه_تسوق,Women Driving
988,1011030215118741507,#المراه_السعوديه_تسوق عسي ماهو عفيه,Women Driving
989,1011025299570593793,#المراه_السعوديه_تسوق ألف مبروووك حبيباتي السعوديات 💕💕💕,Women Driving
990,827301867365363712,#سايق_يعتدي_على_امراه_بالدمام حدوث حالة اعتداء واحدة كفيلة بأن تغير قانون لو كان في بلد غير بلد #لن_تقودي,Women Driving
991,724703756756115456,#لن_تقودي والنهاية يعني من قالكم اكبر همنا السيارات والقيادة .. احنا نحتاج مترو او باصات تساعدنا او تسهل علينا المشاوير من دون سواق وتكاليف,Women Driving
992,1011347369907183616,#المراه_السعوديه_تقود_السياره يامن وحدتن بتعجب فيه 😷😂🏃🏻,Women Driving
993,723315308740677633,#قياده_المراه_قادمه راح نشوف شروط جديدة في عقود الزواج مثل نوع السيارة وقبله موقف الزوج من سياقة زوجتة 🤔🙄 #السماح_بقيادة_المرأة #السعودي,Women Driving
994,1010672942802489344,#المراه_السعوديه_تسوق من اولها تبي تفضي الشارع😕,Women Driving
995,724700870139588608,#لن_تقودي قودي المكنسه في السفارات الغربيه ياحقوقيه 😂😂😂,Women Driving
996,724710930865655808,#لن_تقودي ياليت ننهض بالعلم والاقتصاد ونترك السواقه والسينما,Women Driving